# Blender v3.0.1 OBJ File: 'tall_pine.blend'
# www.blender.org
mtllib tall_pine.mtl
o trunk_Cylinder
v 4.184311 13.913931 -0.087080
v 4.189465 13.881008 -0.080451
v 4.193834 13.853097 -0.061574
v 4.196754 13.834447 -0.033323
v 4.197779 13.827898 0.000001
v 4.196754 13.834447 0.033325
v 4.193834 13.853097 0.061576
v 4.189465 13.881008 0.080453
v 4.184311 13.913931 0.087081
v 4.179157 13.946855 0.080453
v 4.174788 13.974766 0.061576
v 4.171868 13.993415 0.033325
v 4.170843 13.999965 0.000001
v 4.171868 13.993415 -0.033323
v 4.174788 13.974766 -0.061574
v 4.179157 13.946855 -0.080451
v 1.049023 13.425358 -0.117804
v 1.686504 13.527493 -0.136092
v 2.895008 13.722229 -0.113832
v 3.538711 13.830958 -0.112513
v 3.548637 13.794266 -0.109062
v 2.907379 13.680255 -0.101474
v 1.694531 13.480654 -0.124809
v 1.061503 13.373101 -0.118754
v 3.559556 13.762630 -0.091900
v 2.916828 13.645232 -0.075722
v 1.701478 13.439677 -0.093474
v 1.071556 13.329937 -0.095206
v 3.569349 13.741461 -0.063758
v 2.922459 13.622191 -0.039886
v 1.706947 13.410857 -0.047723
v 1.077147 13.301392 -0.051618
v 3.576023 13.734781 -0.028528
v 2.924228 13.614254 0.001245
v 1.709318 13.398780 0.004580
v 1.076726 13.290278 0.004245
v 3.578289 13.743498 0.009443
v 2.922513 13.622348 0.041823
v 1.706294 13.405580 0.054952
v 1.070030 13.297290 0.062975
v 3.575726 13.765633 0.045335
v 2.917708 13.645375 0.075679
v 1.699710 13.430931 0.095444
v 1.058691 13.322443 0.114940
v 3.569384 13.797156 0.072922
v 2.910164 13.680119 0.097294
v 1.692611 13.471584 0.120073
v 1.045293 13.363417 0.151813
v 3.560927 13.832824 0.086809
v 2.900295 13.721549 0.102823
v 1.689144 13.521251 0.126345
v 1.032601 13.415041 0.168460
v 3.552032 13.867393 0.084182
v 2.888870 13.763521 0.090935
v 1.686234 13.571200 0.114334
v 1.022767 13.469776 0.164121
v 3.543789 13.896086 0.065781
v 2.877325 13.799666 0.063249
v 1.681579 13.612432 0.086017
v 1.016138 13.518410 0.141871
v 3.536792 13.915036 0.035040
v 2.867756 13.824365 0.024201
v 1.676446 13.637387 0.060334
v 1.012721 13.552416 0.105535
v 3.531450 13.921761 -0.002916
v 2.862429 13.833602 -0.019696
v 1.012756 13.565714 0.058768
v 3.528283 13.915319 -0.042143
v 2.863067 13.825601 -0.060992
v 1.016715 13.555992 0.005543
v 3.528098 13.896229 -0.076619
v 2.870100 13.801323 -0.092849
v 1.671340 13.606007 -0.106874
v 1.024867 13.525219 -0.048463
v 3.531541 13.866771 -0.101230
v 2.881651 13.764842 -0.111065
v 1.679000 13.573410 -0.125325
v 1.036174 13.478993 -0.092670
v 0.729873 13.308949 -0.151656
v 0.739938 13.255812 -0.118711
v 0.746067 13.220463 -0.064980
v 0.746955 13.207473 0.000756
v 0.742295 13.218288 0.068012
v 0.733120 13.251840 0.126182
v 0.721282 13.303816 0.166191
v 0.708968 13.366871 0.182200
v 0.698168 13.431576 0.172714
v 0.689917 13.487611 0.140456
v 0.684942 13.525853 0.090569
v 0.683848 13.540001 0.029654
v 0.687058 13.527748 -0.034685
v 0.694544 13.491220 -0.093937
v 0.705274 13.436460 -0.137832
v 0.717671 13.372338 -0.158339
v 2.301521 13.624052 -0.134892
v 2.309872 13.577476 -0.123602
v 2.316989 13.536809 -0.092571
v 2.322466 13.508283 -0.047325
v 2.324291 13.496371 0.004411
v 2.320787 13.503189 0.054284
v 2.314042 13.528400 0.094439
v 2.306738 13.568737 0.118915
v 2.302772 13.617970 0.125149
v 2.299430 13.667514 0.113144
v 2.294647 13.708507 0.084858
v 2.294588 13.734586 0.054933
v 2.291474 13.701279 -0.110423
v 2.293603 13.669784 -0.124476
v 1.673852 13.645606 0.001734
v 1.673348 13.635882 -0.054653
v 2.289823 13.741479 0.002688
v 2.295028 13.734328 -0.057869
v 0.580388 13.263853 -0.199874
v 0.589112 13.213701 -0.125971
v 0.599821 13.147195 -0.082220
v 0.597360 13.159258 0.007741
v 0.593798 13.172534 0.081405
v 0.588782 13.192047 0.161360
v 0.576065 13.261461 0.211001
v 0.562186 13.342319 0.203083
v 0.550594 13.414225 0.190376
v 0.541219 13.475776 0.151568
v 0.530434 13.547905 0.099536
v 0.533446 13.532246 0.022189
v 0.531207 13.550672 -0.068087
v 0.538507 13.509686 -0.150094
v 0.551868 13.431229 -0.193790
v 0.566538 13.345053 -0.176427
v 0.723772 13.340644 -0.154998
v 0.734906 13.282380 -0.135183
v 0.743002 13.238137 -0.091845
v 0.746511 13.213968 -0.032112
v 0.744625 13.212881 0.034384
v 0.737707 13.235065 0.097097
v 0.727201 13.277827 0.146187
v 0.715125 13.335343 0.174195
v 0.703568 13.399223 0.177457
v 0.694043 13.459593 0.156585
v 0.687429 13.506732 0.115512
v 0.684395 13.532927 0.060111
v 0.685453 13.533875 -0.002516
v 0.690801 13.509484 -0.064311
v 0.699909 13.463840 -0.115884
v 0.711472 13.404399 -0.148085
v 0.559203 13.388141 -0.185109
v 0.545187 13.470458 -0.171942
v 0.534857 13.530179 -0.109090
v 0.532326 13.541458 -0.022949
v 0.531940 13.540074 0.060863
v 0.535827 13.511840 0.125552
v 0.545907 13.445001 0.170972
v 0.556390 13.378272 0.196729
v 0.569126 13.301889 0.207042
v 0.582424 13.226754 0.186181
v 0.591290 13.182291 0.121383
v 0.595579 13.165895 0.044573
v 0.598590 13.153227 -0.037240
v 0.594467 13.180448 -0.104095
v 0.584750 13.238777 -0.162922
v 0.573463 13.304453 -0.188151
v -0.000000 22.794922 -1.714009
v -0.000000 22.813190 -1.780205
v -0.000000 22.863098 -1.821358
v 0.334386 22.794922 -1.681074
v 0.347301 22.813190 -1.745999
v 0.355329 22.863098 -1.786361
v 0.655923 22.794922 -1.583537
v 0.681255 22.813190 -1.644695
v 0.697003 22.863098 -1.682715
v 0.952252 22.794922 -1.425146
v 0.989029 22.813190 -1.480187
v 1.011892 22.863098 -1.514403
v 1.211987 22.794922 -1.211987
v 1.258795 22.813190 -1.258795
v 1.287894 22.863098 -1.287894
v 1.425146 22.794922 -0.952252
v 1.480187 22.813190 -0.989029
v 1.514403 22.863098 -1.011892
v 1.583537 22.794922 -0.655923
v 1.644695 22.813190 -0.681255
v 1.682715 22.863098 -0.697003
v 1.681074 22.794922 -0.334386
v 1.745999 22.813190 -0.347301
v 1.786361 22.863098 -0.355329
v 1.714009 22.794922 0.000000
v 1.780205 22.813190 0.000000
v 1.821358 22.863098 0.000000
v 1.681074 22.794922 0.334386
v 1.745999 22.813190 0.347301
v 1.786361 22.863098 0.355329
v 1.583537 22.794922 0.655923
v 1.644695 22.813190 0.681255
v 1.682715 22.863098 0.697003
v 1.425146 22.794922 0.952252
v 1.480187 22.813190 0.989029
v 1.514404 22.863098 1.011892
v 1.211987 22.794922 1.211987
v 1.258795 22.813190 1.258795
v 1.287894 22.863098 1.287894
v 0.952252 22.794922 1.425146
v 0.989029 22.813190 1.480187
v 1.011892 22.863098 1.514404
v 0.655923 22.794922 1.583537
v 0.681255 22.813187 1.644695
v 0.697003 22.863098 1.682715
v 0.334387 22.794922 1.681074
v 0.347301 22.813187 1.745999
v 0.355329 22.863098 1.786361
v -0.000000 22.794922 1.714008
v -0.000000 22.813187 1.780205
v -0.000000 22.863098 1.821358
v -0.334386 22.794922 1.681074
v -0.347301 22.813187 1.745999
v -0.355329 22.863098 1.786361
v -0.655923 22.794922 1.583537
v -0.681255 22.813187 1.644695
v -0.697003 22.863098 1.682715
v -0.952253 22.794922 1.425146
v -0.989029 22.813190 1.480186
v -1.011892 22.863098 1.514403
v -1.211987 22.794922 1.211987
v -1.258795 22.813190 1.258795
v -1.287894 22.863098 1.287894
v -1.425146 22.794922 0.952253
v -1.480186 22.813190 0.989029
v -1.514403 22.863098 1.011893
v -1.583537 22.794922 0.655923
v -1.644695 22.813190 0.681255
v -1.682715 22.863098 0.697004
v -1.681074 22.794922 0.334386
v -1.745999 22.813190 0.347301
v -1.786361 22.863098 0.355329
v -1.714009 22.794922 -0.000000
v -1.780205 22.813190 -0.000000
v -1.821358 22.863098 -0.000000
v -1.681074 22.794922 -0.334386
v -1.745999 22.813190 -0.347301
v -1.786361 22.863098 -0.355329
v -1.583537 22.794922 -0.655923
v -1.644695 22.813190 -0.681255
v -1.682715 22.863098 -0.697004
v -1.425146 22.794922 -0.952252
v -1.480187 22.813190 -0.989029
v -1.514404 22.863098 -1.011892
v -1.211987 22.794922 -1.211987
v -1.258796 22.813190 -1.258795
v -1.287895 22.863098 -1.287894
v -0.952252 22.794922 -1.425146
v -0.989029 22.813190 -1.480187
v -1.011892 22.863098 -1.514403
v -0.655923 22.794922 -1.583537
v -0.681255 22.813190 -1.644695
v -0.697003 22.863098 -1.682715
v -0.334386 22.794922 -1.681074
v -0.347300 22.813190 -1.745999
v -0.355329 22.863098 -1.786361
v 0.000000 22.838593 -1.826439
v 0.356321 22.838593 -1.791344
v 0.698948 22.838593 -1.687409
v 1.014715 22.838589 -1.518628
v 1.291487 22.838589 -1.291487
v 1.518628 22.838589 -1.014715
v 1.687409 22.838589 -0.698948
v 1.791344 22.838589 -0.356321
v 1.826439 22.838589 0.000000
v 1.791344 22.838589 0.356321
v 1.687409 22.838589 0.698948
v 1.518628 22.838589 1.014715
v 1.291487 22.838589 1.291487
v 1.014715 22.838589 1.518628
v 0.698948 22.838589 1.687409
v 0.356320 22.838589 1.791344
v -0.000000 22.838589 1.826439
v -0.356320 22.838589 1.791344
v -0.698948 22.838589 1.687409
v -1.014715 22.838589 1.518628
v -1.291487 22.838589 1.291487
v -1.518628 22.838589 1.014715
v -1.687409 22.838589 0.698948
v -1.791344 22.838589 0.356321
v -1.826439 22.838589 -0.000000
v -1.791344 22.838589 -0.356321
v -1.687409 22.838589 -0.698948
v -1.518628 22.838589 -1.014715
v -1.291487 22.838589 -1.291487
v -1.014715 22.838589 -1.518628
v -0.698948 22.838593 -1.687409
v -0.356320 22.838593 -1.791344
v 0.000000 31.571590 0.000551
v 0.000000 31.455902 -0.140516
v 0.000000 31.556091 -0.061698
v 0.000000 31.513748 -0.113332
v -0.000107 31.571590 0.000540
v 0.027413 31.455902 -0.137817
v 0.012037 31.556091 -0.060513
v 0.022110 31.513748 -0.111155
v -0.000211 31.571590 0.000509
v 0.053773 31.455902 -0.129820
v 0.023611 31.556091 -0.057002
v 0.043370 31.513748 -0.104705
v -0.000306 31.571590 0.000458
v 0.078067 31.455902 -0.116835
v 0.034278 31.556091 -0.051300
v 0.062964 31.513748 -0.094232
v -0.000390 31.571590 0.000390
v 0.099360 31.455902 -0.099360
v 0.043627 31.556091 -0.043627
v 0.080138 31.513748 -0.080138
v -0.000458 31.571590 0.000306
v 0.116835 31.455902 -0.078067
v 0.051300 31.556091 -0.034278
v 0.094232 31.513748 -0.062964
v -0.000509 31.571590 0.000211
v 0.129820 31.455902 -0.053773
v 0.057002 31.556091 -0.023611
v 0.104705 31.513748 -0.043370
v -0.000540 31.571590 0.000108
v 0.137817 31.455902 -0.027413
v 0.060513 31.556091 -0.012037
v 0.111155 31.513748 -0.022110
v -0.000551 31.571590 0.000000
v 0.140517 31.455902 -0.000000
v 0.061698 31.556091 0.000000
v 0.113332 31.513748 0.000000
v -0.000540 31.571590 -0.000107
v 0.137817 31.455902 0.027413
v 0.060513 31.556091 0.012037
v 0.111155 31.513748 0.022110
v -0.000509 31.571590 -0.000211
v 0.129820 31.455902 0.053773
v 0.057002 31.556091 0.023611
v 0.104705 31.513748 0.043370
v -0.000458 31.571590 -0.000306
v 0.116835 31.455902 0.078067
v 0.051300 31.556091 0.034278
v 0.094232 31.513748 0.062964
v -0.000390 31.571590 -0.000390
v 0.099360 31.455902 0.099360
v 0.043627 31.556091 0.043627
v 0.080138 31.513748 0.080138
v -0.000306 31.571590 -0.000458
v 0.078067 31.455902 0.116835
v 0.034278 31.556091 0.051300
v 0.062964 31.513748 0.094232
v -0.000211 31.571590 -0.000509
v 0.053773 31.455902 0.129820
v 0.023611 31.556091 0.057002
v 0.043371 31.513748 0.104705
v -0.000107 31.571590 -0.000540
v 0.027413 31.455902 0.137817
v 0.012037 31.556091 0.060513
v 0.022110 31.513748 0.111155
v 0.000000 31.571590 -0.000551
v 0.000000 31.455902 0.140516
v 0.000000 31.556091 0.061698
v 0.000000 31.513748 0.113332
v 0.000107 31.571590 -0.000540
v -0.027413 31.455902 0.137817
v -0.012037 31.556091 0.060513
v -0.022110 31.513748 0.111155
v 0.000211 31.571590 -0.000509
v -0.053773 31.455902 0.129820
v -0.023611 31.556091 0.057002
v -0.043370 31.513748 0.104705
v 0.000306 31.571590 -0.000458
v -0.078067 31.455902 0.116835
v -0.034277 31.556091 0.051300
v -0.062964 31.513748 0.094232
v 0.000390 31.571590 -0.000390
v -0.099360 31.455902 0.099360
v -0.043627 31.556091 0.043627
v -0.080138 31.513748 0.080138
v 0.000458 31.571590 -0.000306
v -0.116835 31.455902 0.078067
v -0.051300 31.556091 0.034278
v -0.094232 31.513748 0.062964
v 0.000509 31.571590 -0.000211
v -0.129820 31.455902 0.053773
v -0.057001 31.556091 0.023611
v -0.104705 31.513748 0.043370
v 0.000540 31.571590 -0.000108
v -0.137816 31.455902 0.027413
v -0.060512 31.556091 0.012037
v -0.111155 31.513748 0.022110
v 0.000551 31.571590 0.000000
v -0.140516 31.455902 -0.000000
v -0.061698 31.556091 0.000000
v -0.113332 31.513748 0.000000
v 0.000540 31.571590 0.000108
v -0.137816 31.455902 -0.027413
v -0.060512 31.556091 -0.012037
v -0.111155 31.513748 -0.022110
v 0.000509 31.571590 0.000211
v -0.129820 31.455902 -0.053773
v -0.057002 31.556091 -0.023611
v -0.104705 31.513748 -0.043370
v 0.000458 31.571590 0.000306
v -0.116835 31.455902 -0.078067
v -0.051300 31.556091 -0.034278
v -0.094232 31.513748 -0.062964
v 0.000390 31.571590 0.000390
v -0.099360 31.455902 -0.099360
v -0.043627 31.556091 -0.043627
v -0.080138 31.513748 -0.080138
v 0.000306 31.571590 0.000458
v -0.078067 31.455902 -0.116835
v -0.034278 31.556091 -0.051300
v -0.062964 31.513748 -0.094232
v 0.000211 31.571590 0.000509
v -0.053773 31.455902 -0.129820
v -0.023611 31.556091 -0.057002
v -0.043370 31.513748 -0.104705
v 0.000107 31.571590 0.000540
v -0.027413 31.455902 -0.137817
v -0.012037 31.556091 -0.060513
v -0.022110 31.513748 -0.111155
v -0.000000 16.115215 -2.546371
v 0.000000 16.317785 -2.713400
v -0.000000 16.142353 -2.644715
v -0.000000 16.216499 -2.705852
v 0.496772 16.115215 -2.497443
v 0.529358 16.317785 -2.661263
v 0.515958 16.142353 -2.593897
v 0.527885 16.216499 -2.653859
v 0.974454 16.115215 -2.352540
v 1.038373 16.317785 -2.506855
v 1.012089 16.142353 -2.443398
v 1.035485 16.216499 -2.499881
v 1.414688 16.115215 -2.117230
v 1.507484 16.317785 -2.256110
v 1.469325 16.142353 -2.199000
v 1.503291 16.216499 -2.249833
v 1.800556 16.115215 -1.800556
v 1.918664 16.317785 -1.918664
v 1.870095 16.142353 -1.870095
v 1.913326 16.216499 -1.913326
v 2.117230 16.115215 -1.414688
v 2.256109 16.317785 -1.507484
v 2.199000 16.142353 -1.469325
v 2.249833 16.216499 -1.503291
v 2.352540 16.115215 -0.974454
v 2.506855 16.317785 -1.038373
v 2.443398 16.142353 -1.012089
v 2.499881 16.216499 -1.035484
v 2.497443 16.115215 -0.496772
v 2.661263 16.317785 -0.529358
v 2.593897 16.142353 -0.515958
v 2.653859 16.216499 -0.527885
v 2.546371 16.115215 0.000000
v 2.713400 16.317785 0.000000
v 2.644715 16.142353 0.000000
v 2.705852 16.216499 0.000000
v 2.497443 16.115215 0.496772
v 2.661263 16.317785 0.529358
v 2.593897 16.142353 0.515958
v 2.653859 16.216499 0.527885
v 2.352540 16.115215 0.974454
v 2.506855 16.317785 1.038373
v 2.443398 16.142353 1.012088
v 2.499881 16.216499 1.035485
v 2.117230 16.115215 1.414688
v 2.256110 16.317785 1.507484
v 2.199000 16.142353 1.469325
v 2.249833 16.216499 1.503290
v 1.800556 16.115213 1.800556
v 1.918664 16.317783 1.918664
v 1.870095 16.142353 1.870095
v 1.913326 16.216497 1.913326
v 1.414688 16.115213 2.117230
v 1.507484 16.317783 2.256110
v 1.469325 16.142353 2.199000
v 1.503290 16.216497 2.249833
v 0.974454 16.115213 2.352540
v 1.038373 16.317783 2.506855
v 1.012089 16.142353 2.443398
v 1.035485 16.216497 2.499881
v 0.496773 16.115213 2.497443
v 0.529358 16.317783 2.661263
v 0.515958 16.142353 2.593898
v 0.527885 16.216497 2.653860
v -0.000000 16.115213 2.546371
v -0.000000 16.317783 2.713400
v -0.000000 16.142353 2.644715
v -0.000000 16.216497 2.705852
v -0.496772 16.115213 2.497443
v -0.529358 16.317783 2.661263
v -0.515958 16.142353 2.593898
v -0.527885 16.216497 2.653860
v -0.974454 16.115213 2.352540
v -1.038373 16.317783 2.506855
v -1.012089 16.142353 2.443398
v -1.035485 16.216497 2.499881
v -1.414689 16.115213 2.117230
v -1.507484 16.317783 2.256109
v -1.469325 16.142353 2.199000
v -1.503291 16.216497 2.249833
v -1.800556 16.115213 1.800556
v -1.918663 16.317783 1.918664
v -1.870096 16.142353 1.870096
v -1.913326 16.216497 1.913326
v -2.117230 16.115215 1.414689
v -2.256109 16.317785 1.507485
v -2.199000 16.142353 1.469326
v -2.249833 16.216499 1.503291
v -2.352540 16.115215 0.974454
v -2.506855 16.317785 1.038374
v -2.443398 16.142353 1.012089
v -2.499881 16.216499 1.035485
v -2.497443 16.115215 0.496772
v -2.661263 16.317785 0.529358
v -2.593897 16.142353 0.515958
v -2.653859 16.216499 0.527886
v -2.546371 16.115215 -0.000000
v -2.713400 16.317785 -0.000000
v -2.644715 16.142353 -0.000000
v -2.705852 16.216499 -0.000000
v -2.497443 16.115215 -0.496772
v -2.661263 16.317785 -0.529358
v -2.593897 16.142353 -0.515958
v -2.653859 16.216499 -0.527886
v -2.352540 16.115215 -0.974455
v -2.506855 16.317785 -1.038374
v -2.443398 16.142353 -1.012089
v -2.499881 16.216499 -1.035485
v -2.117230 16.115215 -1.414688
v -2.256110 16.317785 -1.507484
v -2.199000 16.142353 -1.469324
v -2.249833 16.216499 -1.503290
v -1.800557 16.115215 -1.800556
v -1.918664 16.317785 -1.918663
v -1.870096 16.142353 -1.870095
v -1.913327 16.216499 -1.913326
v -1.414688 16.115215 -2.117230
v -1.507484 16.317785 -2.256110
v -1.469325 16.142353 -2.199000
v -1.503291 16.216499 -2.249833
v -0.974454 16.115215 -2.352540
v -1.038373 16.317785 -2.506855
v -1.012089 16.142353 -2.443398
v -1.035485 16.216499 -2.499881
v -0.496772 16.115215 -2.497444
v -0.529358 16.317785 -2.661263
v -0.515958 16.142353 -2.593897
v -0.527885 16.216499 -2.653859
v 0.030252 -0.031497 -0.952888
v 0.601694 -0.793604 -1.362231
v 0.757066 -0.058297 -0.653856
v 1.423998 -0.850723 -0.544828
v 1.054031 -0.017062 0.072192
v 0.973900 -0.002342 0.462975
v 1.029654 -0.515376 1.040311
v 0.566978 -0.517987 1.353234
v 0.022995 -0.070452 1.113059
v -0.502100 -0.951910 1.343840
v -0.706698 -0.109864 0.815773
v -1.352725 -0.742351 0.602886
v -0.997716 -0.067011 0.072788
v -1.397695 -0.877620 -0.557875
v -1.012269 -0.037028 -1.009440
v -0.562315 -0.873250 -1.385897
v -0.010763 3.135678 -0.575276
v -0.022065 6.288357 -0.664584
v -0.048859 12.265890 -0.555882
v -0.087282 15.453571 -0.549438
v 0.097243 15.473744 -0.532587
v 0.162986 12.293875 -0.495530
v 0.209974 6.291711 -0.609483
v 0.250777 3.156425 -0.579915
v 0.258114 15.502531 -0.448779
v 0.339089 12.313011 -0.369777
v 0.412913 6.294281 -0.456467
v 0.466615 3.172323 -0.464925
v 0.367640 15.533792 -0.311355
v 0.454505 12.322778 -0.194779
v 0.556086 6.298902 -0.233054
v 0.608557 3.177738 -0.252070
v 0.404910 15.560945 -0.139317
v 0.494132 12.325318 0.006071
v 0.616143 6.301217 0.022360
v 0.661854 3.167316 0.020722
v 0.364569 15.578458 0.046107
v 0.453790 12.323153 0.204227
v 0.581055 6.291762 0.268339
v 0.622969 3.140308 0.307518
v 0.255842 15.582813 0.221379
v 0.339062 12.317368 0.369554
v 0.453774 6.279147 0.466074
v 0.493052 3.104597 0.561278
v 0.098969 15.576022 0.356094
v 0.165749 12.307210 0.475105
v 0.252278 6.275599 0.586345
v 0.285256 3.070904 0.741341
v -0.079498 15.562163 0.423905
v -0.041589 12.290885 0.502107
v 0.010040 6.296383 0.616973
v 0.026609 3.048659 0.822630
v -0.253000 15.545354 0.411079
v -0.252711 12.267465 0.444054
v -0.233139 6.320065 0.558320
v -0.244891 3.042556 0.801443
v -0.397655 15.527256 0.321219
v -0.435812 12.239061 0.308855
v -0.435582 6.328752 0.420038
v -0.484533 3.047300 0.692789
v -0.494365 15.507811 0.171102
v -0.562199 12.211553 0.118172
v -0.559848 6.322829 0.294622
v -0.651174 3.056501 0.515348
v -0.530836 15.487116 -0.014248
v -0.610791 12.192826 -0.096188
v -0.715302 3.066710 0.286976
v -0.502157 15.466974 -0.205800
v -0.571706 12.189863 -0.297847
v -0.665413 3.078468 0.027061
v -0.410195 15.451661 -0.374160
v -0.449261 12.205458 -0.453416
v -0.412310 6.274495 -0.521903
v -0.510792 3.094557 -0.236665
v -0.265471 15.446024 -0.494339
v -0.264538 12.233634 -0.542370
v -0.249263 6.286833 -0.612003
v -0.279232 3.114199 -0.452538
v 0.309822 1.508018 -0.740587
v 0.573785 1.516444 -0.579704
v 0.748952 1.519314 -0.317322
v 0.812294 1.513790 0.003686
v 0.756591 1.499476 0.332116
v 0.587796 1.480549 0.616177
v 0.328096 1.462692 0.811549
v 0.014585 1.450902 0.889726
v -0.305738 1.447667 0.843403
v -0.582317 1.450181 0.685879
v -0.770575 1.455058 0.442266
v -0.839657 1.460469 0.144801
v -0.778122 1.466700 -0.169382
v -0.596235 1.475228 -0.458726
v -0.323939 1.485638 -0.673077
v -0.005222 1.497021 -0.773222
v -0.023428 9.328449 -0.658720
v 0.207584 9.333563 -0.603589
v 0.409158 9.337184 -0.452057
v 0.550919 9.342068 -0.231107
v 0.609765 9.341877 0.021531
v 0.574227 9.330116 0.265078
v 0.447499 9.316618 0.461165
v 0.247376 9.311844 0.580687
v 0.006855 9.329893 0.611131
v -0.234693 9.351187 0.552505
v -0.436079 9.359069 0.414378
v -0.561941 9.378482 0.268247
v -0.403602 9.338305 -0.539233
v -0.250039 9.324787 -0.607858
v -0.601459 6.316525 0.008463
v -0.554928 6.306750 -0.266895
v -0.598799 9.360699 0.013118
v -0.560365 9.380409 -0.282598
v 0.325761 -0.808287 -1.216672
v 0.414485 0.752765 -0.976047
v 0.731605 -0.777680 -1.042588
v 0.663037 0.756978 -0.615156
v 1.142782 -0.816783 -0.636186
v 0.991983 0.758413 -0.401511
v 1.303743 -0.773816 -0.225045
v 0.931928 0.755651 0.037793
v 1.012678 -0.002483 0.267411
v 0.865188 0.748494 0.397518
v 0.966701 -0.067254 0.716020
v 0.767254 0.739031 0.787960
v 0.877703 -1.116618 1.307122
v 0.422765 0.730102 1.030373
v 0.275586 -0.057500 1.177840
v 0.022183 0.724207 0.991704
v -0.235543 -0.748194 1.292288
v -0.333487 0.722590 0.929653
v -0.644205 -0.781342 1.130168
v -0.637522 0.723847 0.740143
v -1.051013 -0.774211 0.751433
v -0.993653 0.726285 0.486056
v -1.228998 -0.817294 0.347134
v -0.915828 0.728990 0.108350
v -1.194378 -0.525125 -0.223667
v -1.006419 0.732106 -0.332494
v -1.207550 -0.541210 -0.809007
v -0.803175 0.736370 -0.732957
v -0.815469 -0.566159 -1.206762
v -0.414557 0.741575 -0.946338
v -0.248811 -0.551426 -1.172485
v 0.012280 0.747267 -0.861551
v 0.152300 1.502520 -0.756904
v 0.441803 1.512231 -0.660145
v 0.661369 1.517879 -0.448513
v 0.780623 1.516552 -0.156818
v 0.784442 1.506633 0.167901
v 0.672193 1.490012 0.474147
v 0.457946 1.471621 0.713863
v 0.171341 1.456797 0.850638
v -0.145576 1.449285 0.866565
v -0.444027 1.448925 0.764641
v -0.676446 1.452620 0.564072
v -0.805116 1.457763 0.293533
v -0.808889 1.463584 -0.012291
v -0.687178 1.470964 -0.314054
v -0.460087 1.480433 -0.565901
v -0.164581 1.491330 -0.723149
v -0.201138 0.744421 -0.903944
v -0.608866 0.738972 -0.839648
v -0.904797 0.734238 -0.532725
v -0.961123 0.730548 -0.112072
v -0.954740 0.727638 0.297203
v -0.815587 0.725065 0.613100
v -0.485505 0.723218 0.834898
v -0.155652 0.723398 0.960678
v 0.222474 0.727154 1.011038
v 0.595010 0.734567 0.909167
v 0.816221 0.743762 0.592739
v 0.898558 0.752072 0.217655
v 0.961956 0.757032 -0.181859
v 0.827510 0.757695 -0.508334
v 0.538761 0.754871 -0.795601
v 0.213382 0.750016 -0.918799
v 0.036102 -0.002488 -0.422556
v 0.331929 -0.097930 -0.663837
v 0.401167 -0.002488 -0.275984
v 0.736798 -0.098383 -0.225094
v 0.598300 -0.002084 -0.047320
v 0.553649 -0.002488 0.176104
v 0.508336 -0.002342 0.404289
v 0.496658 -0.054672 0.690529
v 0.496884 -0.073812 0.708008
v 0.475194 -0.075870 0.722868
v 0.448087 -0.072738 0.740794
v 0.418368 -0.039299 0.729409
v 0.125878 -0.002248 0.673121
v -0.152139 -0.104169 0.725578
v -0.268349 -0.094165 0.722145
v -0.346699 -0.106480 0.645136
v -0.460135 -0.001730 0.412989
v -0.605235 -0.114477 0.318227
v -0.477128 -0.002474 0.085229
v -0.687362 -0.076804 -0.398377
v -0.729093 -0.058444 -0.496257
v -0.698451 -0.076422 -0.567147
v -0.659411 -0.056072 -0.651140
v -0.579880 -0.076267 -0.686884
v -0.526098 -0.065546 -0.709325
v -0.451005 -0.076607 -0.671447
v 0.426986 -1.105925 -1.232607
v 0.030252 -0.031497 -0.952888
v 0.596176 -1.096204 -1.322382
v 0.679263 -1.089268 -1.120828
v 0.757066 -0.058297 -0.653856
v 1.227726 -1.116006 -0.575875
v 1.392700 -1.133833 -0.520785
v 1.322720 -1.093465 -0.320688
v 1.054031 -0.017062 0.072192
v 1.012678 -0.002483 0.267411
v 0.973900 -0.002342 0.462975
v 0.966701 -0.067254 0.716020
v 0.979924 -0.834410 1.105668
v 0.852091 -1.277636 1.268326
v 0.649265 -0.835168 1.328825
v 0.275586 -0.057500 1.177840
v 0.022995 -0.070452 1.113059
v -0.291815 -1.004666 1.280177
v -0.482151 -1.170787 1.308439
v -0.585342 -1.032626 1.163878
v -0.706698 -0.109864 0.815773
v -1.110546 -1.056676 0.699906
v -1.316657 -1.035654 0.600252
v -1.233411 -1.084695 0.433983
v -0.997716 -0.067011 0.072788
v -1.207608 -0.752431 -0.307013
v -1.361455 -1.098945 -0.569134
v -1.223046 -0.779071 -0.762418
v -1.012269 -0.037028 -1.009440
v -0.767859 -0.815365 -1.223369
v -0.575492 -1.097198 -1.350315
v -0.333829 -0.792293 -1.192471
v 0.524191 -1.174122 -1.087247
v 0.032942 -0.001486 -0.695318
v 0.583264 -0.000937 -0.469891
v 1.189459 -1.178685 -0.402017
v 0.833545 -0.000612 0.014350
v 0.790681 -0.002488 0.223252
v 0.748969 -0.001983 0.434724
v 0.761206 -0.258828 0.723469
v 0.869272 -1.054311 1.057048
v 0.771270 -1.277636 1.148464
v 0.645771 -1.049580 1.206987
v 0.355363 -0.241238 0.985203
v 0.073572 -0.046683 0.898844
v -0.273295 -1.030753 1.165723
v -0.434885 -1.348213 1.190861
v -0.521174 -1.048756 1.069128
v -0.588176 -0.084853 0.620365
v -1.004241 -1.002136 0.503203
v -0.740881 -0.001452 0.076616
v -1.096225 -0.857432 -0.365534
v -1.218922 -1.349082 -0.574535
v -1.114643 -0.910379 -0.718579
v -0.851719 -0.175757 -0.846769
v -0.724890 -0.953292 -1.113940
v -0.586747 -1.348915 -1.206764
v -0.400455 -0.905156 -1.084581
v 0.601694 -0.793604 -1.362231
v 0.325761 -0.808287 -1.216672
v 0.731605 -0.777680 -1.042588
v 1.423998 -0.850723 -0.544828
v 1.142782 -0.816783 -0.636186
v 1.303743 -0.773816 -0.225045
v 0.877703 -1.116618 1.307122
v 1.029654 -0.515376 1.040311
v 0.566978 -0.517987 1.353234
v -0.502100 -0.951910 1.343840
v -0.235543 -0.748194 1.292288
v -0.644205 -0.781342 1.130168
v -1.352725 -0.742351 0.602886
v -1.051013 -0.774211 0.751433
v -1.228998 -0.817294 0.347134
v -1.397695 -0.877620 -0.557875
v -1.194378 -0.525125 -0.223667
v -1.207550 -0.541210 -0.809007
v -0.562315 -0.873250 -1.385897
v -0.815469 -0.566159 -1.206762
v -0.248811 -0.551426 -1.172485
v 0.729242 -1.116618 1.086946
v 0.842337 -0.835369 0.959501
v 0.562885 -0.829864 1.146657
v -0.406892 -1.240772 1.124702
v -0.198528 -0.744592 1.062137
v -0.512959 -0.749954 0.932870
v -1.148445 -1.247288 -0.572690
v -0.986863 -0.633196 -0.324985
v -1.005169 -0.681078 -0.726809
v -0.587574 -1.243622 -1.135351
v -0.736216 -0.716918 -1.003963
v -0.364955 -0.671418 -0.972346
v 0.482822 -0.932034 -0.996344
v 1.091900 -0.933296 -0.364807
v -0.884328 -0.692503 0.446269
v 0.812892 -1.372203 1.211277
v -0.435648 -1.372203 1.213446
v -1.237429 -1.372203 -0.564080
v -0.576947 -1.372203 -1.225918
v 1.297229 -1.372203 -0.458733
v -1.184215 -1.372203 0.570099
v 0.564146 -1.372203 -1.203419
v -0.479766 16.115215 -0.196977
v -0.509739 16.115215 -0.011402
v -0.069107 16.115215 -0.523576
v -0.243884 16.115215 -0.473019
v -0.387340 16.115215 -0.358826
v 0.110549 16.115215 -0.504200
v 0.266452 16.115213 -0.419777
v 0.372376 16.115215 -0.283455
v 0.408581 16.115215 -0.114165
v -0.474626 16.115215 0.169473
v 0.110223 16.115215 0.362584
v 0.263675 16.115215 0.235231
v -0.379286 16.115215 0.317329
v -0.236329 16.115215 0.407716
v -0.065171 16.115215 0.424145
v 0.369545 16.115215 0.066614
v 0.276633 22.794922 -1.390726
v 0.542634 22.794922 -1.310035
v 0.787783 22.794922 -1.179001
v 1.002658 22.794922 -1.002658
v 1.179001 22.794922 -0.787783
v -1.417972 22.794922 -0.000000
v -1.390726 22.794922 0.276632
v 0.000000 22.794922 -1.417972
v -0.542634 22.794922 -1.310035
v -0.276633 22.794922 -1.390726
v 1.390726 22.794922 -0.276632
v 1.310035 22.794922 -0.542634
v -1.390726 22.794922 -0.276633
v -0.787783 22.794922 -1.179001
v -1.310035 22.794922 -0.542635
v -1.179001 22.794922 -0.787783
v -1.002658 22.794922 -1.002657
v 1.310036 22.794922 0.542635
v 1.179001 22.794922 0.787783
v 1.390726 22.794922 0.276633
v 1.002658 22.794922 1.002658
v 0.787783 22.794922 1.179001
v -0.000000 22.794922 1.417972
v 0.276633 22.794922 1.390727
v 0.542635 22.794922 1.310036
v -1.310036 22.794922 0.542635
v 1.417972 22.794922 0.000000
v -1.002658 22.794922 1.002658
v -1.179001 22.794922 0.787784
v -0.787783 22.794922 1.179001
v -0.276633 22.794922 1.390727
v -0.542635 22.794922 1.310036
v 0.438621 13.196685 -0.187238
v 0.418993 13.218183 -0.241459
v 0.429687 13.240189 -0.228086
v 0.431462 13.271612 -0.215939
v 0.430330 13.216434 -0.227224
v 0.435186 13.321374 -0.192077
v 0.449807 13.175131 -0.132787
v 0.454043 13.128726 -0.116011
v 0.470024 13.102628 -0.041044
v 0.458975 13.084707 -0.095474
v 0.463477 13.116076 0.013926
v 0.472570 13.107279 -0.029065
v 0.446594 13.127149 0.094696
v 0.455063 13.121598 0.054179
v 0.435840 13.127522 0.146016
v 0.411096 13.124863 0.198766
v 0.431714 13.128608 0.165104
v 0.388159 13.165207 0.229486
v 0.358615 13.201204 0.268986
v 0.375158 13.267797 0.239756
v 0.382627 13.320259 0.224723
v 0.430227 13.372784 -0.212007
v 0.429867 13.470655 -0.203981
v 0.426074 13.423162 -0.227959
v 0.432216 13.521293 -0.186993
v 0.453716 13.557130 -0.078666
v 0.443471 13.537302 -0.128409
v 0.456641 13.543607 -0.029565
v 0.460431 13.547498 -0.048846
v 0.447448 13.527702 0.018362
v 0.437641 13.541999 0.063864
v 0.427864 13.556594 0.107490
v 0.423498 13.511893 0.135791
v 0.421792 13.490627 0.147519
v 0.370635 13.359438 0.238740
v 0.370909 13.404345 0.234664
v 0.391693 13.437253 0.201108
v 0.413508 13.466500 0.163144
vt 0.744767 0.763038
vt 0.746488 0.734987
vt 0.747961 0.735028
vt 0.746395 0.762924
vt 0.749435 0.735051
vt 0.747991 0.762722
vt 0.750907 0.735059
vt 0.749540 0.762487
vt 0.752378 0.735061
vt 0.751094 0.762280
vt 0.724950 0.760269
vt 0.728918 0.733170
vt 0.730382 0.733330
vt 0.726639 0.760314
vt 0.731843 0.733502
vt 0.728463 0.760481
vt 0.733301 0.733689
vt 0.730279 0.760755
vt 0.734758 0.733886
vt 0.731946 0.761081
vt 0.736216 0.734082
vt 0.733459 0.761403
vt 0.737680 0.734267
vt 0.734938 0.761709
vt 0.739146 0.734437
vt 0.736489 0.762020
vt 0.740612 0.734589
vt 0.738130 0.762341
vt 0.742079 0.734722
vt 0.739816 0.762648
vt 0.743546 0.734834
vt 0.741489 0.762894
vt 0.748509 0.733453
vt 0.747948 0.732093
vt 0.747950 0.730622
vt 0.748515 0.729264
vt 0.749557 0.728225
vt 0.750917 0.727664
vt 0.752388 0.727666
vt 0.753746 0.728230
vt 0.754785 0.729272
vt 0.755346 0.730632
vt 0.755344 0.732103
vt 0.754779 0.733461
vt 0.753738 0.734500
vt 0.749548 0.734495
vt 0.745015 0.734922
vt 0.743133 0.763032
vt 0.738649 0.882055
vt 0.737870 0.868148
vt 0.740396 0.867944
vt 0.741335 0.881758
vt 0.739997 0.881912
vt 0.739365 0.841307
vt 0.741304 0.841381
vt 0.740880 0.815895
vt 0.742087 0.791116
vt 0.743977 0.790921
vt 0.742826 0.815980
vt 0.735822 0.882184
vt 0.735143 0.868291
vt 0.737237 0.882121
vt 0.737810 0.841340
vt 0.739482 0.815700
vt 0.740297 0.791268
vt 0.733010 0.882171
vt 0.732519 0.868370
vt 0.734421 0.882166
vt 0.732321 0.814929
vt 0.734906 0.790876
vt 0.736799 0.791163
vt 0.734469 0.815206
vt 0.738575 0.791296
vt 0.730363 0.882033
vt 0.730265 0.868391
vt 0.731685 0.882089
vt 0.730565 0.840704
vt 0.733016 0.840838
vt 0.736982 0.815187
vt 0.727829 0.881865
vt 0.728275 0.868351
vt 0.729100 0.881935
vt 0.735367 0.840997
vt 0.725283 0.881562
vt 0.726230 0.868248
vt 0.726554 0.881709
vt 0.729062 0.840556
vt 0.730706 0.814988
vt 0.732940 0.790492
vt 0.722668 0.881231
vt 0.724041 0.868051
vt 0.723976 0.881391
vt 0.726969 0.840499
vt 0.728660 0.814917
vt 0.730984 0.790093
vt 0.720017 0.880837
vt 0.721801 0.867725
vt 0.721344 0.881032
vt 0.724827 0.840546
vt 0.726568 0.814943
vt 0.729100 0.789732
vt 0.717384 0.880325
vt 0.719624 0.867230
vt 0.718701 0.880577
vt 0.722745 0.840546
vt 0.724527 0.814932
vt 0.727301 0.789427
vt 0.714801 0.879638
vt 0.717452 0.866594
vt 0.716089 0.879968
vt 0.720773 0.840327
vt 0.722575 0.814715
vt 0.725554 0.789158
vt 0.712303 0.878801
vt 0.715217 0.865895
vt 0.713540 0.879210
vt 0.718817 0.840012
vt 0.720620 0.814417
vt 0.723822 0.788896
vt 0.709899 0.877969
vt 0.712954 0.865255
vt 0.711089 0.878374
vt 0.716757 0.839711
vt 0.718550 0.814100
vt 0.722084 0.788636
vt 0.748548 0.880319
vt 0.746728 0.867373
vt 0.748940 0.867326
vt 0.750837 0.879736
vt 0.749709 0.880019
vt 0.747596 0.841615
vt 0.749768 0.841700
vt 0.749143 0.816157
vt 0.749619 0.790630
vt 0.751394 0.790658
vt 0.751335 0.816239
vt 0.746215 0.880862
vt 0.744647 0.867514
vt 0.747390 0.880594
vt 0.745395 0.841542
vt 0.746933 0.816107
vt 0.747794 0.790655
vt 0.743842 0.881386
vt 0.742613 0.867721
vt 0.745037 0.881118
vt 0.743285 0.841453
vt 0.744816 0.816041
vt 0.745904 0.790754
vt 0.742590 0.881577
vt 0.743629 0.887201
vt 0.745063 0.887143
vt 0.746471 0.886618
vt 0.747915 0.886145
vt 0.749228 0.885839
vt 0.750518 0.885576
vt 0.751807 0.884870
vt 0.753094 0.884207
vt 0.709289 0.883648
vt 0.710496 0.884183
vt 0.711837 0.884796
vt 0.713165 0.885437
vt 0.714676 0.885844
vt 0.716180 0.886277
vt 0.717681 0.886404
vt 0.719195 0.886577
vt 0.720549 0.886742
vt 0.721896 0.886918
vt 0.723230 0.887022
vt 0.724546 0.887145
vt 0.726109 0.887351
vt 0.727608 0.887628
vt 0.728930 0.887527
vt 0.730255 0.887511
vt 0.731776 0.887666
vt 0.733239 0.887937
vt 0.734737 0.888031
vt 0.736231 0.888200
vt 0.737723 0.888055
vt 0.739228 0.887976
vt 0.740677 0.887614
vt 0.742170 0.887326
vt 0.708094 0.883130
vt 0.856057 0.426863
vt 0.844268 0.429035
vt 0.844106 0.428200
vt 0.855911 0.426028
vt 0.843682 0.426016
vt 0.855526 0.423839
vt 0.843227 0.423633
vt 0.855113 0.421453
vt 0.832490 0.431427
vt 0.832313 0.430592
vt 0.831849 0.428408
vt 0.831352 0.426025
vt 0.820700 0.434042
vt 0.820507 0.433205
vt 0.820005 0.431015
vt 0.819468 0.428627
vt 0.808861 0.436872
vt 0.808654 0.436029
vt 0.808118 0.433827
vt 0.807546 0.431427
vt 0.796920 0.439880
vt 0.796705 0.439030
vt 0.796147 0.436807
vt 0.795552 0.434389
vt 0.784820 0.442970
vt 0.784608 0.442108
vt 0.784057 0.439869
vt 0.783468 0.437442
vt 0.772537 0.445866
vt 0.772352 0.444987
vt 0.771880 0.442718
vt 0.771383 0.440276
vt 0.759784 0.448231
vt 0.759630 0.447317
vt 0.759336 0.444912
vt 0.759124 0.442357
vt 0.669660 0.600834
vt 0.656907 0.603180
vt 0.656759 0.602299
vt 0.669476 0.599929
vt 0.656362 0.600018
vt 0.668896 0.597573
vt 0.655928 0.597554
vt 0.668178 0.595093
vt 0.644528 0.604981
vt 0.644405 0.604114
vt 0.644077 0.601856
vt 0.643722 0.599409
vt 0.632351 0.606617
vt 0.632233 0.605761
vt 0.631920 0.603526
vt 0.631581 0.601096
vt 0.620317 0.608280
vt 0.620194 0.607431
vt 0.619869 0.605215
vt 0.619519 0.602802
vt 0.608388 0.610060
vt 0.608255 0.609218
vt 0.607906 0.607016
vt 0.607529 0.604617
vt 0.596535 0.612000
vt 0.596390 0.611163
vt 0.596010 0.608972
vt 0.595600 0.606585
vt 0.584738 0.614121
vt 0.584581 0.613287
vt 0.584167 0.611106
vt 0.583722 0.608727
vt 0.572983 0.616435
vt 0.572811 0.615603
vt 0.572362 0.613427
vt 0.571879 0.611054
vt 0.561252 0.618950
vt 0.561066 0.618120
vt 0.560580 0.615946
vt 0.560057 0.613575
vt 0.549525 0.621676
vt 0.549324 0.620845
vt 0.548800 0.618668
vt 0.548237 0.616295
vt 0.537774 0.624622
vt 0.537558 0.623787
vt 0.536994 0.621603
vt 0.536391 0.619220
vt 0.525960 0.627797
vt 0.525727 0.626956
vt 0.525124 0.624756
vt 0.524479 0.622355
vt 0.514040 0.631195
vt 0.513795 0.630347
vt 0.513158 0.628131
vt 0.512475 0.625717
vt 0.502008 0.634724
vt 0.501758 0.633867
vt 0.501109 0.631633
vt 0.500413 0.629204
vt 0.489813 0.638256
vt 0.489573 0.637380
vt 0.488963 0.635109
vt 0.488321 0.632649
vt 0.477101 0.641559
vt 0.476879 0.640649
vt 0.476396 0.638257
vt 0.475973 0.635706
vt 0.953337 0.414651
vt 0.940484 0.416490
vt 0.940371 0.415603
vt 0.953189 0.413739
vt 0.940063 0.413304
vt 0.952703 0.411359
vt 0.939726 0.410819
vt 0.952085 0.408851
vt 0.928022 0.417815
vt 0.927932 0.416941
vt 0.927689 0.414668
vt 0.927426 0.412202
vt 0.915768 0.418999
vt 0.915681 0.418137
vt 0.915449 0.415887
vt 0.915198 0.413441
vt 0.903661 0.420234
vt 0.903568 0.419381
vt 0.903320 0.417150
vt 0.903053 0.414720
vt 0.891661 0.421607
vt 0.891556 0.420760
vt 0.891280 0.418544
vt 0.890983 0.416129
vt 0.879739 0.423158
vt 0.879621 0.422316
vt 0.879311 0.420112
vt 0.878978 0.417709
vt 0.867876 0.424907
vt 0.867744 0.424068
vt 0.867398 0.421874
vt 0.867025 0.419480
vt 0.758359 0.430805
vt 0.769009 0.429213
vt 0.902968 0.713758
vt 0.898367 0.715090
vt 0.917055 0.711678
vt 0.912286 0.712056
vt 0.921933 0.711619
vt 0.926948 0.711891
vt 0.932124 0.712504
vt 0.937486 0.713464
vt 0.943055 0.714760
vt 0.948827 0.716330
vt 0.603139 0.916053
vt 0.598372 0.919610
vt 0.607804 0.912742
vt 0.612397 0.909775
vt 0.616950 0.907182
vt 0.621482 0.904962
vt 0.626013 0.903102
vt 0.630566 0.901587
vt 0.635162 0.900402
vt 0.639827 0.899539
vt 0.644590 0.898996
vt 0.649477 0.898779
vt 0.654516 0.898896
vt 0.659732 0.899359
vt 0.665148 0.900171
vt 0.670785 0.901320
vt 0.676499 0.902550
vt 0.875034 0.726982
vt 0.870140 0.730303
vt 0.879818 0.723901
vt 0.884519 0.721156
vt 0.889162 0.718775
vt 0.893772 0.716757
vt 0.643769 0.938331
vt 0.643465 0.938318
vt 0.643169 0.938247
vt 0.642893 0.938119
vt 0.642659 0.937935
vt 0.642466 0.937709
vt 0.642321 0.937450
vt 0.642228 0.937167
vt 0.642210 0.936896
vt 0.642245 0.936632
vt 0.642327 0.936388
vt 0.642454 0.936169
vt 0.642613 0.935985
vt 0.642804 0.935836
vt 0.643014 0.935724
vt 0.643242 0.935655
vt 0.643471 0.935605
vt 0.643704 0.935600
vt 0.643934 0.935642
vt 0.644155 0.935727
vt 0.644374 0.935838
vt 0.644566 0.935991
vt 0.644724 0.936179
vt 0.644839 0.936392
vt 0.644934 0.936629
vt 0.644974 0.936903
vt 0.644959 0.937179
vt 0.644891 0.937446
vt 0.644758 0.937711
vt 0.644576 0.937944
vt 0.644339 0.938139
vt 0.644069 0.938284
vt 0.907599 0.712750
vt 0.914692 0.749425
vt 0.914441 0.749451
vt 0.909495 0.736091
vt 0.911814 0.735487
vt 0.905826 0.724169
vt 0.909563 0.723294
vt 0.914197 0.749514
vt 0.907256 0.737000
vt 0.902149 0.725408
vt 0.913964 0.749614
vt 0.905123 0.738215
vt 0.898531 0.727023
vt 0.913747 0.749750
vt 0.903123 0.739742
vt 0.894970 0.729040
vt 0.913552 0.749919
vt 0.901292 0.741588
vt 0.891465 0.731496
vt 0.913384 0.750120
vt 0.899672 0.743762
vt 0.888013 0.734451
vt 0.913248 0.750349
vt 0.898319 0.746277
vt 0.884601 0.738004
vt 0.913150 0.750603
vt 0.897308 0.749138
vt 0.881204 0.742325
vt 0.656430 0.927522
vt 0.658365 0.929712
vt 0.665952 0.915040
vt 0.670648 0.917769
vt 0.654286 0.925685
vt 0.661526 0.912986
vt 0.652010 0.924276
vt 0.657255 0.911514
vt 0.649654 0.923265
vt 0.653107 0.910545
vt 0.647264 0.922633
vt 0.649067 0.910024
vt 0.644863 0.922348
vt 0.645124 0.909914
vt 0.642483 0.922395
vt 0.641270 0.910190
vt 0.640152 0.922764
vt 0.637502 0.910838
vt 0.637898 0.923444
vt 0.633814 0.911851
vt 0.635734 0.924439
vt 0.630203 0.913235
vt 0.633691 0.925746
vt 0.626668 0.915003
vt 0.631798 0.927368
vt 0.623209 0.917181
vt 0.630095 0.929307
vt 0.619828 0.919806
vt 0.628631 0.931567
vt 0.616525 0.922941
vt 0.627466 0.934150
vt 0.613292 0.926682
vt 0.626678 0.937048
vt 0.610108 0.931204
vt 0.916313 0.750546
vt 0.916201 0.750290
vt 0.928255 0.740474
vt 0.930194 0.742708
vt 0.937883 0.728253
vt 0.942412 0.731088
vt 0.916051 0.750062
vt 0.926103 0.738661
vt 0.933537 0.726113
vt 0.915869 0.749865
vt 0.923817 0.737253
vt 0.929320 0.724548
vt 0.915662 0.749702
vt 0.921447 0.736222
vt 0.925206 0.723480
vt 0.915435 0.749576
vt 0.919033 0.735546
vt 0.921180 0.722851
vt 0.915194 0.749488
vt 0.916606 0.735206
vt 0.917235 0.722625
vt 0.914945 0.749437
vt 0.914192 0.735190
vt 0.913365 0.722778
vt 0.820416 0.148365
vt 0.864922 0.407716
vt 0.852821 0.409718
vt 0.804421 0.151312
vt 0.771198 0.154972
vt 0.828678 0.414302
vt 0.816618 0.416883
vt 0.753257 0.155595
vt 0.804560 0.419645
vt 0.733834 0.155206
vt 0.792520 0.422554
vt 0.712353 0.153497
vt 0.780549 0.425539
vt 0.688036 0.149892
vt 0.659678 0.143555
vt 0.677966 0.270959
vt 0.677966 0.584078
vt 0.665171 0.584322
vt 0.653030 0.288813
vt 0.653619 0.586063
vt 0.631211 0.302489
vt 0.641693 0.587668
vt 0.611755 0.313119
vt 0.629614 0.589293
vt 0.593918 0.321603
vt 0.617496 0.591013
vt 0.577228 0.328490
vt 0.605388 0.592867
vt 0.561335 0.334130
vt 0.593312 0.594879
vt 0.545949 0.338781
vt 0.581268 0.597057
vt 0.530810 0.342598
vt 0.569253 0.599408
vt 0.515675 0.345697
vt 0.557254 0.601933
vt 0.500283 0.348131
vt 0.545260 0.604631
vt 0.484366 0.349918
vt 0.533253 0.607490
vt 0.467597 0.351018
vt 0.521212 0.610480
vt 0.449603 0.351333
vt 0.509094 0.613526
vt 0.429901 0.350657
vt 0.497184 0.617311
vt 0.407896 0.348658
vt 0.485385 0.621075
vt 0.382778 0.344738
vt 0.473877 0.624158
vt 0.353301 0.338096
vt 0.953337 0.090966
vt 0.949545 0.397960
vt 0.937870 0.399202
vt 0.928728 0.106151
vt 0.925833 0.400341
vt 0.907244 0.117840
vt 0.913649 0.401523
vt 0.887780 0.126953
vt 0.901430 0.402822
vt 0.869767 0.134175
vt 0.889226 0.404275
vt 0.852775 0.139959
vt 0.877056 0.405903
vt 0.836434 0.144623
vt 0.840743 0.411913
vt 0.788126 0.153519
vt 0.787777 0.150338
vt 0.803921 0.148220
vt 0.787468 0.147319
vt 0.803456 0.145286
vt 0.787164 0.144081
vt 0.802972 0.142137
vt 0.771009 0.151633
vt 0.770866 0.148470
vt 0.770756 0.145079
vt 0.753254 0.152021
vt 0.753304 0.148641
vt 0.753420 0.145025
vt 0.734063 0.151298
vt 0.734355 0.147615
vt 0.734752 0.143686
vt 0.712899 0.149135
vt 0.713518 0.145041
vt 0.714296 0.140692
vt 0.689031 0.144917
vt 0.690108 0.140284
vt 0.691423 0.135380
vt 0.661096 0.137641
vt 0.662912 0.132228
vt 0.665208 0.126606
vt 0.649969 0.284467
vt 0.674197 0.265737
vt 0.646939 0.280442
vt 0.670159 0.261093
vt 0.643560 0.276238
vt 0.665510 0.256419
vt 0.628840 0.298596
vt 0.626507 0.294979
vt 0.623920 0.291177
vt 0.609873 0.309584
vt 0.608029 0.306279
vt 0.605991 0.302783
vt 0.592404 0.318319
vt 0.590925 0.315234
vt 0.589295 0.311954
vt 0.575994 0.325384
vt 0.574792 0.322455
vt 0.573473 0.319330
vt 0.560323 0.331142
vt 0.559341 0.328317
vt 0.558269 0.325294
vt 0.545119 0.335861
vt 0.544318 0.333095
vt 0.543452 0.330130
vt 0.530134 0.339699
vt 0.529490 0.336949
vt 0.528800 0.333997
vt 0.515138 0.342772
vt 0.514635 0.339995
vt 0.514108 0.337013
vt 0.499878 0.345130
vt 0.499512 0.342281
vt 0.499141 0.339220
vt 0.484095 0.346786
vt 0.483869 0.343813
vt 0.483663 0.340622
vt 0.467476 0.347688
vt 0.467405 0.344532
vt 0.467381 0.341149
vt 0.449661 0.347724
vt 0.449779 0.344314
vt 0.449976 0.340665
vt 0.430191 0.346670
vt 0.430548 0.342914
vt 0.431026 0.338908
vt 0.408505 0.344167
vt 0.409193 0.339953
vt 0.410058 0.335477
vt 0.383836 0.339579
vt 0.384984 0.334772
vt 0.386388 0.329680
vt 0.354785 0.331923
vt 0.356692 0.326273
vt 0.359113 0.320405
vt 0.926121 0.101849
vt 0.950145 0.085851
vt 0.923526 0.097842
vt 0.946677 0.081250
vt 0.920619 0.093631
vt 0.942656 0.076574
vt 0.905195 0.113969
vt 0.903179 0.110356
vt 0.900940 0.106545
vt 0.886167 0.123394
vt 0.884586 0.120058
vt 0.882836 0.116517
vt 0.868483 0.130842
vt 0.867226 0.127703
vt 0.865841 0.124359
vt 0.851744 0.136777
vt 0.850741 0.133772
vt 0.849642 0.130559
vt 0.835607 0.141530
vt 0.834808 0.138601
vt 0.833942 0.135464
vt 0.819762 0.145302
vt 0.819138 0.142396
vt 0.818470 0.139280
vt 0.294409 0.032240
vt 0.301425 0.008329
vt 0.308016 0.010084
vt 0.301372 0.033286
vt 0.314471 0.011702
vt 0.308300 0.033922
vt 0.320735 0.013169
vt 0.315071 0.034293
vt 0.327001 0.014549
vt 0.321741 0.034751
vt 0.333668 0.015952
vt 0.328882 0.035682
vt 0.340869 0.017411
vt 0.336579 0.037068
vt 0.348123 0.018880
vt 0.344298 0.038900
vt 0.354914 0.020224
vt 0.351369 0.040814
vt 0.361230 0.021432
vt 0.357776 0.042650
vt 0.367485 0.022555
vt 0.364033 0.044442
vt 0.374024 0.023638
vt 0.370597 0.046269
vt 0.380891 0.024691
vt 0.377556 0.048129
vt 0.267184 0.022819
vt 0.274612 0.000157
vt 0.281392 0.002372
vt 0.273964 0.025788
vt 0.288139 0.004483
vt 0.280761 0.028470
vt 0.294795 0.006461
vt 0.287542 0.030651
vt 0.115565 0.563021
vt 0.154562 0.497133
vt 0.166650 0.501361
vt 0.129277 0.572787
vt 0.122276 0.567970
vt 0.195758 0.373206
vt 0.204671 0.375588
vt 0.224449 0.258013
vt 0.255226 0.148718
vt 0.263640 0.149751
vt 0.233167 0.260237
vt 0.103680 0.551742
vt 0.142170 0.492238
vt 0.109429 0.557240
vt 0.188537 0.371732
vt 0.218275 0.255770
vt 0.247298 0.147583
vt 0.093949 0.540664
vt 0.130834 0.487275
vt 0.098705 0.546050
vt 0.333344 0.280031
vt 0.354039 0.171037
vt 0.362348 0.172979
vt 0.343147 0.282378
vt 0.239792 0.145969
vt 0.086585 0.531046
vt 0.121413 0.482741
vt 0.090151 0.535646
vt 0.308724 0.397550
vt 0.319978 0.399365
vt 0.207440 0.251044
vt 0.232234 0.143538
vt 0.305827 0.589410
vt 0.290648 0.526099
vt 0.299831 0.525337
vt 0.316834 0.584809
vt 0.311529 0.586998
vt 0.167375 0.364387
vt 0.177810 0.367572
vt 0.293396 0.593419
vt 0.280840 0.526629
vt 0.299693 0.591403
vt 0.301850 0.396223
vt 0.325826 0.279487
vt 0.345435 0.168638
vt 0.279427 0.597224
vt 0.270039 0.526692
vt 0.286580 0.595308
vt 0.292137 0.394948
vt 0.316468 0.278127
vt 0.336892 0.166144
vt 0.264047 0.600266
vt 0.258672 0.525947
vt 0.271858 0.598775
vt 0.282085 0.394073
vt 0.306888 0.277193
vt 0.328672 0.163827
vt 0.247573 0.602122
vt 0.247362 0.524064
vt 0.255936 0.601244
vt 0.272272 0.392959
vt 0.297587 0.276109
vt 0.320821 0.161751
vt 0.230285 0.602059
vt 0.235828 0.521186
vt 0.239013 0.602098
vt 0.263044 0.390817
vt 0.288833 0.274130
vt 0.313200 0.159816
vt 0.212377 0.600163
vt 0.223749 0.517635
vt 0.221365 0.601160
vt 0.253906 0.388192
vt 0.280165 0.271719
vt 0.305204 0.157862
vt 0.311545 0.125622
vt 0.313071 0.126104
vt 0.314929 0.124815
vt 0.317186 0.123791
vt 0.316437 0.120824
vt 0.316242 0.118562
vt 0.317327 0.117160
vt 0.317586 0.115343
vt 0.316377 0.113736
vt 0.314978 0.112166
vt 0.314529 0.111040
vt 0.194173 0.597200
vt 0.211406 0.513926
vt 0.203307 0.598715
vt 0.244260 0.385478
vt 0.271044 0.269168
vt 0.297168 0.155930
vt 0.303471 0.124547
vt 0.305306 0.124609
vt 0.306996 0.124777
vt 0.308691 0.124965
vt 0.310763 0.125463
vt 0.176297 0.593261
vt 0.199410 0.510564
vt 0.185257 0.595318
vt 0.234011 0.382995
vt 0.261352 0.266857
vt 0.288966 0.154097
vt 0.296442 0.118002
vt 0.297936 0.119297
vt 0.299935 0.120741
vt 0.300140 0.122772
vt 0.300524 0.124750
vt 0.302914 0.124602
vt 0.159601 0.587728
vt 0.188333 0.507603
vt 0.167852 0.590581
vt 0.223676 0.380502
vt 0.251517 0.264629
vt 0.280496 0.152327
vt 0.296735 0.116968
vt 0.295655 0.117706
vt 0.143865 0.581404
vt 0.177765 0.504729
vt 0.151700 0.584667
vt 0.213849 0.377968
vt 0.242079 0.262377
vt 0.272184 0.150924
vt 0.136400 0.577115
vt 0.111766 0.612123
vt 0.122077 0.620619
vt 0.134992 0.625976
vt 0.144792 0.629416
vt 0.153260 0.633118
vt 0.164917 0.637441
vt 0.178225 0.638762
vt 0.190282 0.640085
vt 0.200709 0.641060
vt 0.210921 0.641949
vt 0.221847 0.642843
vt 0.232218 0.643746
vt 0.243270 0.642551
vt 0.254214 0.641901
vt 0.263488 0.639346
vt 0.272966 0.636635
vt 0.281159 0.634017
vt 0.290353 0.630752
vt 0.298985 0.627058
vt 0.305438 0.624161
vt 0.312655 0.620912
vt 0.321775 0.615634
vt 0.326903 0.610315
vt 0.332196 0.604690
vt 0.066914 0.549249
vt 0.068398 0.557850
vt 0.071640 0.566640
vt 0.074741 0.574684
vt 0.080521 0.582424
vt 0.087483 0.591547
vt 0.096564 0.599422
vt 0.104484 0.605561
vt 0.195988 0.248683
vt 0.039867 0.634250
vt 0.070459 0.644096
vt 0.027501 0.626650
vt 0.026548 0.613951
vt 0.033048 0.590645
vt 0.017931 0.573657
vt 0.012996 0.560652
vt 0.022835 0.549509
vt 0.036743 0.541038
vt 0.065643 0.541107
vt 0.370063 0.642631
vt 0.359927 0.622352
vt 0.364623 0.650243
vt 0.359867 0.657569
vt 0.331317 0.660538
vt 0.327174 0.689925
vt 0.321456 0.696127
vt 0.312903 0.696128
vt 0.290006 0.681135
vt 0.271641 0.683449
vt 0.258337 0.702184
vt 0.248837 0.713524
vt 0.237662 0.702903
vt 0.225341 0.688925
vt 0.212199 0.684693
vt 0.200925 0.684953
vt 0.188758 0.688995
vt 0.170223 0.711580
vt 0.159948 0.713298
vt 0.151935 0.712061
vt 0.132251 0.682931
vt 0.093783 0.691428
vt 0.083935 0.686422
vt 0.076519 0.681685
vt 0.196216 0.719157
vt 0.188904 0.715246
vt 0.196239 0.710867
vt 0.193241 0.703622
vt 0.198602 0.704586
vt 0.203773 0.702756
vt 0.209315 0.702582
vt 0.215637 0.701039
vt 0.216137 0.700747
vt 0.216625 0.701078
vt 0.217161 0.701572
vt 0.216899 0.702570
vt 0.217347 0.709262
vt 0.220973 0.714362
vt 0.221772 0.716655
vt 0.220800 0.718740
vt 0.216445 0.722574
vt 0.215946 0.726847
vt 0.210160 0.725245
vt 0.202284 0.733240
vt 0.200731 0.734903
vt 0.199065 0.734771
vt 0.197066 0.734775
vt 0.195797 0.733380
vt 0.194899 0.732512
vt 0.195097 0.730736
vt 0.076347 0.681782
vt 0.069932 0.644547
vt 0.083844 0.686576
vt 0.093765 0.691681
vt 0.132034 0.683753
vt 0.151834 0.712201
vt 0.159947 0.713465
vt 0.170375 0.711796
vt 0.188964 0.689226
vt 0.200957 0.685143
vt 0.212161 0.684906
vt 0.225172 0.689150
vt 0.237484 0.703070
vt 0.248852 0.713915
vt 0.258655 0.702436
vt 0.271854 0.683761
vt 0.289895 0.681480
vt 0.312847 0.696281
vt 0.321515 0.696280
vt 0.327385 0.690011
vt 0.331801 0.660967
vt 0.359963 0.657755
vt 0.364758 0.650336
vt 0.370323 0.642609
vt 0.360386 0.622130
vt 0.022681 0.549313
vt 0.036603 0.540805
vt 0.012715 0.560587
vt 0.017612 0.573865
vt 0.032595 0.590752
vt 0.026330 0.613922
vt 0.027275 0.626786
vt 0.039711 0.634591
vt 0.069370 0.686517
vt 0.060013 0.652907
vt 0.329218 0.697467
vt 0.326542 0.705649
vt 0.325930 0.706268
vt 0.012515 0.549724
vt 0.016510 0.551533
vt 0.000157 0.557849
vt 0.129228 0.697032
vt 0.090567 0.700796
vt 0.148180 0.718878
vt 0.159739 0.719705
vt 0.164868 0.719997
vt 0.159394 0.726470
vt 0.325113 0.706551
vt 0.316986 0.702583
vt 0.194220 0.697203
vt 0.172675 0.720574
vt 0.202549 0.694992
vt 0.210594 0.695183
vt 0.223365 0.701133
vt 0.237633 0.711441
vt 0.366947 0.664494
vt 0.368221 0.658649
vt 0.378344 0.659396
vt 0.155743 0.719698
vt 0.274351 0.698352
vt 0.259479 0.710570
vt 0.287739 0.692507
vt 0.309244 0.701086
vt 0.255104 0.714073
vt 0.252008 0.719640
vt 0.249151 0.720473
vt 0.326662 0.696791
vt 0.341857 0.669780
vt 0.333661 0.689938
vt 0.358240 0.665953
vt 0.080172 0.692467
vt 0.084294 0.696081
vt 0.075808 0.699148
vt 0.246087 0.719907
vt 0.242345 0.714598
vt 0.364478 0.615446
vt 0.378340 0.634489
vt 0.017272 0.544458
vt 0.036747 0.533892
vt 0.318012 0.700164
vt 0.075837 0.690734
vt 0.020481 0.593798
vt 0.009610 0.575583
vt 0.018690 0.615849
vt 0.022770 0.629293
vt 0.032138 0.633995
vt 0.017652 0.632450
vt 0.255403 0.708539
vt 0.034309 0.640441
vt 0.057841 0.666262
vt 0.050916 0.660031
vt 0.126073 0.710538
vt 0.114361 0.705481
vt 0.135526 0.710844
vt 0.193304 0.706911
vt 0.214821 0.704565
vt 0.215343 0.704951
vt 0.215084 0.705606
vt 0.241692 0.718400
vt 0.281471 0.703132
vt 0.281801 0.703941
vt 0.255969 0.717769
vt 0.282376 0.702578
vt 0.286947 0.701025
vt 0.292892 0.701276
vt 0.292826 0.703871
vt 0.321629 0.706729
vt 0.344489 0.677742
vt 0.346307 0.679354
vt 0.329123 0.703238
vt 0.348685 0.675130
vt 0.351050 0.672560
vt 0.368502 0.608762
vt 0.373318 0.615802
vt 0.025492 0.528512
vt 0.039186 0.527541
vt 0.023045 0.527018
vt 0.001863 0.554284
vt 0.009256 0.594790
vt 0.007256 0.595238
vt 0.000761 0.561834
vt 0.010186 0.596251
vt 0.010059 0.597895
vt 0.008578 0.598292
vt 0.016776 0.629166
vt 0.042436 0.652151
vt 0.041167 0.653129
vt 0.019910 0.635101
vt 0.248998 0.717274
vt 0.241425 0.708958
vt 0.323554 0.700760
vt 0.370077 0.653425
vt 0.374439 0.650675
vt 0.007330 0.559541
vt 0.012111 0.569007
vt 0.023249 0.620520
vt 0.000308 0.557048
vt 0.000324 0.558659
vt 0.007514 0.568665
vt 0.019523 0.622538
vt 0.017499 0.631766
vt 0.017967 0.633091
vt 0.028705 0.636486
vt 0.071664 0.693481
vt 0.165844 0.724665
vt 0.153349 0.723804
vt 0.380891 0.645889
vt 0.082701 0.700835
vt 0.457674 0.225683
vt 0.467046 0.232826
vt 0.712745 0.892903
vt 0.711112 0.891896
vt 0.753757 0.888783
vt 0.752461 0.890089
vt 0.714357 0.894267
vt 0.719983 0.893394
vt 0.718620 0.892938
vt 0.724331 0.891442
vt 0.722895 0.892376
vt 0.721481 0.893319
vt 0.730285 0.890206
vt 0.728876 0.890508
vt 0.737924 0.891828
vt 0.736314 0.891729
vt 0.314097 0.109876
vt 0.313315 0.107717
vt 0.311392 0.107783
vt 0.309364 0.107759
vt 0.307719 0.106626
vt 0.307013 0.106255
vt 0.734638 0.890925
vt 0.733134 0.890328
vt 0.708520 0.889185
vt 0.707352 0.888362
vt 0.709930 0.890304
vt 0.755346 0.888002
vt 0.754032 0.888496
vt 0.744504 0.891902
vt 0.742821 0.891611
vt 0.747758 0.891426
vt 0.746493 0.892065
vt 0.746245 0.892555
vt 0.706184 0.887553
vt 0.750946 0.890342
vt 0.749418 0.890568
vt 0.305879 0.105580
vt 0.303733 0.105885
vt 0.301297 0.105958
vt 0.300165 0.107746
vt 0.298777 0.109361
vt 0.298886 0.111668
vt 0.299149 0.114033
vt 0.297591 0.115816
vt 0.710442 0.890711
vt 0.716790 0.893372
vt 0.727511 0.890907
vt 0.725885 0.891012
vt 0.731775 0.889998
vt 0.725176 0.891101
vt 0.745523 0.892086
vt 0.732302 0.889962
vt 0.739535 0.892099
vt 0.741142 0.891846
vt 0.476751 0.236811
vt 0.486329 0.237982
vt 0.495812 0.236499
vt 0.505397 0.232560
vt 0.514989 0.226629
vt 0.523812 0.219164
vt 0.530641 0.210208
vt 0.759227 0.035064
vt 0.766913 0.042505
vt 0.819827 0.032926
vt 0.825854 0.023410
vt 0.812214 0.040113
vt 0.775497 0.046669
vt 0.803651 0.045141
vt 0.784847 0.048432
vt 0.794444 0.048165
vn 0.0588 -0.1306 -0.9897
vn 0.1085 -0.4942 -0.8626
vn 0.1438 -0.7928 -0.5922
vn 0.1537 -0.9669 -0.2039
vn 0.1352 -0.9693 0.2052
vn 0.1030 -0.8354 0.5400
vn 0.0687 -0.6067 0.7919
vn 0.0312 -0.2807 0.9593
vn -0.0143 0.1329 0.9910
vn -0.0625 0.5392 0.8399
vn -0.1006 0.8312 0.5467
vn -0.1199 0.9740 0.1921
vn -0.1196 0.9737 0.1939
vn -0.1157 0.9783 -0.1717
vn -0.1176 0.9781 -0.1717
vn -0.1174 0.9785 -0.1697
vn -0.0919 0.8515 -0.5162
vn -0.0938 0.8513 -0.5162
vn 0.9880 0.1547 -0.0000
vn -0.0513 0.5989 -0.7992
vn 0.0027 0.2526 -0.9676
vn 0.0660 0.3729 -0.9255
vn -0.0870 0.3222 -0.9427
vn 0.0045 0.1487 -0.9889
vn -0.0194 0.1714 -0.9850
vn 0.0264 0.6604 -0.7504
vn -0.1369 0.5960 -0.7912
vn -0.1314 0.5575 -0.8197
vn -0.0118 0.4103 -0.9119
vn -0.0488 0.4200 -0.9062
vn -0.0463 0.4208 -0.9060
vn -0.0625 0.5313 -0.8449
vn -0.0635 0.5334 -0.8435
vn -0.0145 0.8587 -0.5123
vn -0.0147 0.8580 -0.5134
vn -0.1332 0.9811 0.1404
vn -0.1490 0.9730 0.1765
vn -0.1496 0.9721 0.1805
vn 0.0352 0.9296 0.3670
vn -0.0988 0.8281 -0.5519
vn -0.1009 0.8268 -0.5533
vn -0.1009 0.8279 -0.5517
vn -0.0984 0.8284 -0.5514
vn -0.0606 0.9805 -0.1870
vn -0.0611 0.9803 -0.1879
vn -0.0621 0.9805 -0.1867
vn -0.1365 0.9848 0.1072
vn -0.1898 0.9734 0.1281
vn -0.3461 0.8870 0.3057
vn -0.0477 0.9282 0.3689
vn 0.1764 0.7245 -0.6663
vn -0.1293 0.8166 -0.5625
vn -0.1301 0.8191 -0.5587
vn -0.1127 0.8377 -0.5344
vn -0.1221 0.9773 -0.1730
vn -0.1258 0.9768 -0.1732
vn -0.1273 0.9770 -0.1713
vn -0.1255 0.9775 -0.1696
vn -0.0934 0.9646 0.2468
vn -0.0941 0.9647 0.2459
vn -0.0944 0.9643 0.2473
vn -0.1336 0.9750 -0.1775
vn -0.2253 0.8899 -0.3967
vn -0.2791 0.9600 -0.0213
vn -0.1336 0.9753 -0.1759
vn -0.1317 0.9701 0.2038
vn -0.1338 0.9693 0.2065
vn -0.1357 0.9690 0.2064
vn -0.1318 0.9688 0.2099
vn -0.0828 0.7599 0.6448
vn -0.0835 0.7594 0.6452
vn -0.0445 0.7209 0.6916
vn -0.0568 0.6933 0.7184
vn -0.0437 0.7204 0.6921
vn -0.0973 0.7949 0.5988
vn -0.0991 0.7930 0.6011
vn -0.0579 0.7896 0.6109
vn -0.1215 0.8283 0.5469
vn -0.1186 0.8275 0.5488
vn -0.0387 0.4572 0.8885
vn -0.0028 0.4901 0.8716
vn -0.0618 0.5776 0.8140
vn -0.0818 0.5607 0.8240
vn 0.0185 0.1181 0.9928
vn 0.0436 0.1593 0.9863
vn -0.0060 0.2517 0.9678
vn -0.0128 0.1830 0.9830
vn 0.0844 -0.2558 0.9630
vn 0.0891 -0.2063 0.9744
vn 0.0586 -0.1186 0.9912
vn 0.0577 -0.1198 0.9911
vn 0.0692 -0.2281 0.9712
vn 0.1521 -0.6051 0.7815
vn 0.1290 -0.5759 0.8073
vn 0.1242 -0.5009 0.8566
vn 0.1235 -0.5013 0.8564
vn 0.1251 -0.5022 0.8556
vn 0.1366 -0.5719 0.8089
vn 0.2062 -0.8471 0.4899
vn 0.1556 -0.8539 0.4966
vn 0.1736 -0.8124 0.5566
vn 0.1740 -0.8128 0.5559
vn 0.1764 -0.8176 0.5480
vn 0.2363 -0.9589 0.1570
vn 0.1676 -0.9761 0.1385
vn 0.1928 -0.9663 0.1704
vn 0.1873 -0.9608 0.2043
vn 0.2407 -0.9519 -0.1896
vn 0.1670 -0.9634 -0.2096
vn 0.1861 -0.9593 -0.2122
vn 0.1697 -0.9643 -0.2033
vn 0.2188 -0.8034 -0.5538
vn 0.1459 -0.8242 -0.5473
vn 0.1634 -0.8222 -0.5453
vn 0.1288 -0.8010 -0.5846
vn 0.1719 -0.4715 -0.8649
vn 0.0886 -0.5316 -0.8424
vn 0.1281 -0.5771 -0.8066
vn 0.0785 -0.5226 -0.8490
vn 0.1144 -0.0248 -0.9931
vn -0.0019 -0.1041 -0.9946
vn 0.0757 -0.2407 -0.9676
vn 0.0280 -0.1893 -0.9815
vn 0.2205 0.1514 -0.9636
vn 0.2708 -0.6679 -0.6932
vn 0.3454 -0.6184 -0.7059
vn 0.3439 -0.9390 -0.0021
vn 0.3447 -0.9387 -0.0045
vn 0.3056 -0.9354 0.1778
vn 0.3064 -0.9355 0.1760
vn 0.4001 -0.8410 0.3642
vn 0.3871 -0.4958 0.7774
vn 0.1846 -0.0216 0.9826
vn 0.0999 0.1755 0.9794
vn 0.0270 0.5200 0.8537
vn 0.1055 0.6827 0.7230
vn -0.0018 0.9999 -0.0110
vn 0.0912 0.9950 0.0403
vn 0.2519 0.8593 -0.4452
vn 0.2848 0.5621 -0.7765
vn 0.1713 0.0514 -0.9839
vn 0.0378 -0.2284 -0.9728
vn 0.0950 -0.5939 -0.7989
vn 0.1320 -0.8314 -0.5398
vn 0.1525 -0.9617 -0.2279
vn 0.1553 -0.9775 0.1429
vn 0.1325 -0.8298 0.5421
vn 0.1316 -0.8301 0.5418
vn 0.0817 -0.5061 0.8586
vn 0.0813 -0.5056 0.8589
vn 0.0805 -0.5075 0.8579
vn 0.0215 -0.1238 0.9921
vn 0.0198 -0.1226 0.9923
vn -0.0347 0.2325 0.9720
vn -0.0350 0.2330 0.9718
vn -0.0860 0.5582 0.8252
vn -0.1105 0.7271 0.6776
vn -0.1252 0.6999 0.7032
vn -0.0721 0.7206 0.6896
vn -0.1492 0.8547 -0.4972
vn -0.2931 0.7408 -0.6045
vn -0.1957 0.8498 -0.4894
vn -0.1506 0.8548 -0.4967
vn -0.0256 0.4464 -0.8945
vn -0.0845 0.4113 -0.9076
vn -0.0706 0.4426 -0.8939
vn -0.0329 0.2198 -0.9750
vn 0.0557 0.9498 -0.3078
vn -0.1619 0.9741 -0.1578
vn -0.1621 0.9747 -0.1540
vn -0.0169 0.9870 0.1597
vn 0.0230 0.7807 -0.6244
vn -0.2881 0.6311 -0.7202
vn -0.1680 0.8559 -0.4891
vn -0.1313 0.8755 -0.4651
vn -0.1049 0.9740 0.2007
vn -0.1436 0.9720 0.1859
vn -0.3209 0.8985 0.2995
vn -0.1049 0.9737 0.2024
vn 0.0855 0.9681 -0.2357
vn -0.2956 0.8871 -0.3544
vn -0.4481 0.8939 0.0111
vn -0.0090 0.9999 0.0052
vn 0.2857 0.0714 -0.9557
vn 0.3210 0.5602 -0.7637
vn 0.2332 0.8626 -0.4489
vn -0.0042 0.9992 0.0398
vn 0.0944 0.9955 -0.0095
vn 0.0363 0.6808 0.7316
vn 0.0362 0.5209 0.8529
vn 0.1064 0.1764 0.9786
vn 0.2594 -0.0071 0.9658
vn 0.3913 -0.4942 0.7763
vn 0.3386 -0.8659 0.3683
vn 0.3366 -0.8669 0.3676
vn 0.3105 -0.9336 0.1787
vn 0.3081 -0.9346 0.1778
vn 0.4146 -0.9100 -0.0012
vn 0.2617 -0.6444 -0.7185
vn 0.3612 -0.6379 -0.6802
vn 0.1375 0.1385 -0.9808
vn -0.0960 -0.2021 0.9747
vn 0.0758 -0.6344 -0.7693
vn 0.0262 -0.9636 -0.2660
vn -0.2843 -0.2021 0.9372
vn 0.2244 -0.6344 -0.7398
vn 0.0776 -0.9636 -0.2557
vn -0.4617 -0.2021 0.8637
vn 0.3644 -0.6343 -0.6818
vn 0.1260 -0.9636 -0.2357
vn -0.6213 -0.2021 0.7571
vn 0.4904 -0.6344 -0.5976
vn 0.1695 -0.9636 -0.2066
vn -0.7571 -0.2021 0.6213
vn 0.5976 -0.6344 -0.4904
vn 0.2066 -0.9636 -0.1695
vn -0.8637 -0.2021 0.4617
vn 0.6818 -0.6344 -0.3644
vn 0.2357 -0.9636 -0.1260
vn -0.9372 -0.2021 0.2843
vn 0.7398 -0.6344 -0.2244
vn 0.2557 -0.9636 -0.0776
vn -0.9747 -0.2021 0.0960
vn 0.7693 -0.6344 -0.0758
vn 0.2659 -0.9636 -0.0262
vn -0.9747 -0.2021 -0.0960
vn 0.7693 -0.6344 0.0758
vn 0.2659 -0.9636 0.0262
vn -0.9372 -0.2021 -0.2843
vn 0.7398 -0.6344 0.2244
vn 0.2557 -0.9636 0.0776
vn -0.8637 -0.2021 -0.4617
vn 0.6818 -0.6344 0.3644
vn 0.2357 -0.9636 0.1260
vn -0.7570 -0.2020 -0.6213
vn 0.5976 -0.6344 0.4904
vn 0.2066 -0.9636 0.1695
vn -0.6213 -0.2021 -0.7571
vn 0.4904 -0.6344 0.5976
vn 0.1695 -0.9636 0.2066
vn -0.4617 -0.2021 -0.8637
vn 0.3644 -0.6343 0.6818
vn 0.1260 -0.9636 0.2356
vn -0.2843 -0.2021 -0.9372
vn 0.2244 -0.6343 0.7398
vn 0.0776 -0.9636 0.2557
vn -0.0960 -0.2020 -0.9747
vn 0.0758 -0.6343 0.7694
vn 0.0262 -0.9636 0.2659
vn 0.0960 -0.2020 -0.9747
vn -0.0758 -0.6343 0.7693
vn -0.0262 -0.9636 0.2659
vn 0.2843 -0.2021 -0.9372
vn -0.2244 -0.6343 0.7398
vn -0.0776 -0.9636 0.2557
vn 0.4617 -0.2021 -0.8637
vn -0.3644 -0.6343 0.6818
vn -0.1260 -0.9636 0.2356
vn 0.6213 -0.2021 -0.7571
vn -0.4904 -0.6344 0.5976
vn -0.1695 -0.9636 0.2066
vn 0.7571 -0.2021 -0.6213
vn -0.5976 -0.6344 0.4904
vn -0.2066 -0.9636 0.1695
vn 0.8637 -0.2021 -0.4617
vn -0.6818 -0.6344 0.3644
vn -0.2357 -0.9636 0.1260
vn 0.9372 -0.2021 -0.2843
vn -0.7398 -0.6344 0.2244
vn -0.2557 -0.9636 0.0776
vn 0.9747 -0.2021 -0.0960
vn -0.7693 -0.6344 0.0758
vn -0.2659 -0.9636 0.0262
vn 0.9747 -0.2021 0.0960
vn -0.7693 -0.6344 -0.0758
vn -0.2659 -0.9636 -0.0262
vn 0.9372 -0.2021 0.2843
vn -0.7398 -0.6344 -0.2244
vn -0.2557 -0.9636 -0.0776
vn 0.8637 -0.2021 0.4617
vn -0.6818 -0.6344 -0.3644
vn -0.2357 -0.9636 -0.1260
vn 0.7571 -0.2021 0.6213
vn -0.5976 -0.6344 -0.4904
vn -0.2066 -0.9636 -0.1695
vn 0.6213 -0.2021 0.7571
vn -0.4904 -0.6344 -0.5976
vn -0.1695 -0.9636 -0.2066
vn 0.4617 -0.2021 0.8637
vn -0.3644 -0.6344 -0.6818
vn -0.1260 -0.9636 -0.2356
vn 0.2843 -0.2021 0.9372
vn -0.2244 -0.6344 -0.7398
vn -0.0776 -0.9636 -0.2557
vn 0.0960 -0.2021 0.9747
vn -0.0758 -0.6344 -0.7693
vn -0.0262 -0.9636 -0.2659
vn 0.0000 -1.0000 0.0000
vn 0.2849 0.1911 -0.9393
vn -0.2849 0.1911 -0.9393
vn -0.4627 0.1911 -0.8657
vn -0.6227 0.1911 -0.7588
vn -0.7588 0.1911 -0.6227
vn -0.8657 0.1911 -0.4627
vn -0.9393 0.1911 -0.2849
vn -0.9768 0.1911 -0.0962
vn -0.9768 0.1911 0.0962
vn -0.9393 0.1911 0.2849
vn -0.8657 0.1911 0.4627
vn -0.7588 0.1911 0.6227
vn -0.6227 0.1911 0.7588
vn -0.4627 0.1911 0.8657
vn -0.2849 0.1911 0.9393
vn -0.0962 0.1911 0.9768
vn 0.0962 0.1911 0.9768
vn 0.2849 0.1911 0.9393
vn 0.4627 0.1911 0.8657
vn 0.6227 0.1911 0.7588
vn 0.7588 0.1911 0.6227
vn 0.8657 0.1911 0.4627
vn 0.9393 0.1911 0.2849
vn 0.9768 0.1911 0.0962
vn 0.9768 0.1911 -0.0962
vn 0.9393 0.1911 -0.2849
vn 0.8657 0.1911 -0.4627
vn 0.7588 0.1911 -0.6227
vn 0.6227 0.1911 -0.7588
vn 0.4627 0.1911 -0.8657
vn 0.0000 1.0000 -0.0020
vn -0.0962 0.1911 -0.9768
vn 0.0238 0.9701 -0.2415
vn 0.0623 0.7717 -0.6329
vn 0.0888 0.4236 -0.9015
vn 0.0705 0.9701 -0.2323
vn 0.1846 0.7717 -0.6086
vn 0.2630 0.4236 -0.8668
vn 0.1144 0.9701 -0.2141
vn 0.2998 0.7718 -0.5608
vn 0.4270 0.4236 -0.7989
vn 0.1540 0.9701 -0.1874
vn 0.4034 0.7717 -0.4916
vn 0.5747 0.4236 -0.7002
vn 0.1876 0.9701 -0.1538
vn 0.4916 0.7717 -0.4034
vn 0.7002 0.4236 -0.5747
vn 0.2140 0.9701 -0.1147
vn 0.5609 0.7718 -0.2997
vn 0.7989 0.4236 -0.4270
vn 0.2323 0.9701 -0.0701
vn 0.6085 0.7717 -0.1846
vn 0.8668 0.4236 -0.2629
vn 0.2415 0.9701 -0.0239
vn 0.6329 0.7717 -0.0623
vn 0.9015 0.4236 -0.0888
vn 0.2415 0.9701 0.0239
vn 0.6329 0.7717 0.0623
vn 0.9015 0.4236 0.0888
vn 0.2323 0.9701 0.0701
vn 0.6085 0.7717 0.1846
vn 0.8668 0.4236 0.2629
vn 0.2140 0.9701 0.1147
vn 0.5609 0.7718 0.2997
vn 0.7989 0.4236 0.4270
vn 0.1876 0.9701 0.1539
vn 0.4916 0.7717 0.4035
vn 0.7002 0.4236 0.5747
vn 0.1540 0.9700 0.1880
vn 0.4034 0.7717 0.4916
vn 0.5747 0.4236 0.7002
vn 0.1144 0.9701 0.2139
vn 0.2998 0.7718 0.5608
vn 0.4270 0.4236 0.7989
vn 0.0705 0.9701 0.2322
vn 0.1846 0.7717 0.6086
vn 0.2629 0.4236 0.8668
vn 0.0238 0.9701 0.2415
vn 0.0623 0.7717 0.6329
vn 0.0888 0.4236 0.9015
vn -0.0238 0.9701 0.2415
vn -0.0623 0.7717 0.6329
vn -0.0888 0.4236 0.9015
vn -0.0705 0.9701 0.2324
vn -0.1846 0.7717 0.6086
vn -0.2630 0.4236 0.8668
vn -0.1144 0.9701 0.2140
vn -0.2998 0.7718 0.5608
vn -0.4270 0.4236 0.7989
vn -0.1540 0.9701 0.1877
vn -0.4034 0.7717 0.4916
vn -0.5746 0.4236 0.7002
vn -0.1876 0.9701 0.1540
vn -0.4916 0.7717 0.4034
vn -0.7002 0.4236 0.5747
vn -0.2141 0.9701 0.1143
vn -0.5609 0.7718 0.2997
vn -0.7989 0.4236 0.4270
vn -0.2323 0.9701 0.0702
vn -0.6085 0.7717 0.1846
vn -0.8668 0.4236 0.2629
vn -0.2415 0.9701 0.0242
vn -0.6329 0.7717 0.0623
vn -0.9015 0.4236 0.0888
vn -0.2415 0.9701 -0.0242
vn -0.6329 0.7717 -0.0623
vn -0.9015 0.4236 -0.0888
vn -0.2323 0.9701 -0.0701
vn -0.6085 0.7717 -0.1846
vn -0.8668 0.4236 -0.2629
vn -0.2141 0.9701 -0.1144
vn -0.5609 0.7718 -0.2997
vn -0.7989 0.4236 -0.4270
vn -0.1876 0.9701 -0.1540
vn -0.4916 0.7717 -0.4035
vn -0.7002 0.4236 -0.5747
vn -0.1540 0.9700 -0.1879
vn -0.4034 0.7717 -0.4916
vn -0.5747 0.4236 -0.7002
vn -0.1144 0.9701 -0.2141
vn -0.2998 0.7718 -0.5608
vn -0.4270 0.4236 -0.7989
vn -0.0705 0.9701 -0.2322
vn -0.1846 0.7717 -0.6086
vn -0.2629 0.4236 -0.8668
vn -0.0238 0.9701 -0.2415
vn -0.0623 0.7717 -0.6329
vn -0.0888 0.4236 -0.9015
vn 0.0962 0.1911 -0.9768
vn -0.0961 0.1952 -0.9760
vn 0.4623 0.1952 -0.8650
vn 0.6222 0.1952 -0.7581
vn 0.7581 0.1952 -0.6222
vn 0.8650 0.1952 -0.4623
vn 0.9385 0.1952 -0.2847
vn 0.9760 0.1952 -0.0961
vn 0.9760 0.1952 0.0961
vn 0.9385 0.1952 0.2847
vn 0.8650 0.1952 0.4623
vn 0.7581 0.1952 0.6222
vn 0.6222 0.1952 0.7581
vn 0.4623 0.1952 0.8650
vn 0.2847 0.1952 0.9385
vn 0.0961 0.1952 0.9760
vn -0.0961 0.1952 0.9760
vn -0.2847 0.1952 0.9385
vn -0.4623 0.1952 0.8650
vn -0.6222 0.1952 0.7581
vn -0.7581 0.1952 0.6222
vn -0.8650 0.1952 0.4623
vn -0.9385 0.1952 0.2847
vn -0.9760 0.1952 0.0961
vn -0.9760 0.1952 -0.0961
vn -0.9385 0.1952 -0.2847
vn -0.8650 0.1952 -0.4623
vn -0.7581 0.1952 -0.6222
vn -0.6222 0.1952 -0.7581
vn -0.4623 0.1952 -0.8650
vn -0.2847 0.1952 -0.9385
vn 0.0961 0.1952 -0.9760
vn 0.2847 0.1952 -0.9385
vn 0.0977 -0.0740 -0.9925
vn 0.0758 -0.6343 -0.7693
vn 0.0262 -0.9636 -0.2659
vn 0.2895 -0.0740 -0.9543
vn 0.2244 -0.6343 -0.7398
vn 0.4701 -0.0740 -0.8795
vn 0.1260 -0.9636 -0.2356
vn 0.6327 -0.0740 -0.7709
vn 0.4904 -0.6343 -0.5976
vn 0.1695 -0.9636 -0.2065
vn 0.7709 -0.0740 -0.6327
vn 0.5976 -0.6343 -0.4904
vn 0.8795 -0.0740 -0.4701
vn 0.6818 -0.6343 -0.3644
vn 0.9543 -0.0740 -0.2895
vn 0.7398 -0.6343 -0.2244
vn 0.9925 -0.0740 -0.0977
vn 0.7693 -0.6343 -0.0758
vn 0.9925 -0.0740 0.0977
vn 0.7693 -0.6343 0.0758
vn 0.9543 -0.0740 0.2895
vn 0.7398 -0.6343 0.2244
vn 0.8795 -0.0740 0.4701
vn 0.6818 -0.6343 0.3644
vn 0.7709 -0.0740 0.6327
vn 0.5976 -0.6343 0.4904
vn 0.6327 -0.0740 0.7709
vn 0.4701 -0.0740 0.8795
vn 0.3644 -0.6344 0.6818
vn 0.1260 -0.9636 0.2357
vn 0.2895 -0.0740 0.9543
vn 0.2244 -0.6344 0.7398
vn 0.0977 -0.0740 0.9925
vn 0.0758 -0.6344 0.7693
vn -0.0977 -0.0740 0.9925
vn -0.0758 -0.6344 0.7693
vn -0.2895 -0.0740 0.9543
vn -0.2244 -0.6344 0.7398
vn -0.4701 -0.0740 0.8795
vn -0.3644 -0.6344 0.6818
vn -0.1260 -0.9636 0.2357
vn -0.6327 -0.0740 0.7709
vn -0.7709 -0.0740 0.6326
vn -0.5976 -0.6343 0.4904
vn -0.8795 -0.0740 0.4701
vn -0.6818 -0.6343 0.3644
vn -0.9543 -0.0740 0.2895
vn -0.7398 -0.6343 0.2244
vn -0.9925 -0.0740 0.0977
vn -0.7693 -0.6343 0.0758
vn -0.9925 -0.0740 -0.0977
vn -0.7693 -0.6343 -0.0758
vn -0.9543 -0.0740 -0.2895
vn -0.7398 -0.6343 -0.2244
vn -0.8795 -0.0740 -0.4701
vn -0.6818 -0.6343 -0.3644
vn -0.7709 -0.0740 -0.6327
vn -0.5976 -0.6343 -0.4904
vn -0.2065 -0.9636 -0.1695
vn -0.6327 -0.0740 -0.7709
vn -0.4904 -0.6343 -0.5976
vn -0.4701 -0.0740 -0.8795
vn -0.3644 -0.6343 -0.6818
vn -0.1260 -0.9636 -0.2357
vn -0.2895 -0.0740 -0.9543
vn -0.2244 -0.6343 -0.7398
vn -0.0977 -0.0740 -0.9925
vn -0.0758 -0.6343 -0.7693
vn 0.0968 0.0391 -0.9945
vn 0.4665 0.0324 -0.8839
vn 0.7845 0.0209 -0.6198
vn 0.9776 0.0026 -0.2106
vn 0.9770 -0.0166 0.2126
vn 0.8479 -0.0272 0.5295
vn 0.6453 -0.0260 0.7635
vn 0.3438 -0.0138 0.9389
vn -0.0848 0.0051 0.9964
vn -0.5319 0.0214 0.8465
vn -0.8411 0.0293 0.5402
vn -0.9813 0.0322 0.1900
vn -0.9809 0.0324 0.1917
vn -0.9872 0.0370 -0.1554
vn -0.9869 0.0351 -0.1573
vn -0.9872 0.0351 -0.1554
vn -0.9875 0.0353 -0.1534
vn -0.8716 0.0409 -0.4885
vn -0.8717 0.0391 -0.4885
vn -0.6299 0.0423 -0.7755
vn -0.2873 0.0425 -0.9569
vn -0.3582 0.1228 -0.9255
vn -0.3318 -0.0361 -0.9427
vn -0.1462 0.0275 -0.9889
vn -0.1723 0.0073 -0.9850
vn -0.6484 0.1282 -0.7504
vn -0.6100 -0.0431 -0.7912
vn -0.5712 -0.0436 -0.8197
vn -0.4072 0.0518 -0.9119
vn -0.4225 0.0168 -0.9062
vn -0.4229 0.0193 -0.9060
vn -0.5345 0.0205 -0.8449
vn -0.5368 0.0198 -0.8435
vn -0.8506 0.1185 -0.5123
vn -0.8499 0.1181 -0.5136
vn -0.9899 0.0201 0.1404
vn -0.9843 0.0033 0.1765
vn -0.9836 0.0025 0.1805
vn -0.9129 0.1786 0.3670
vn -0.8334 0.0305 -0.5519
vn -0.8325 0.0282 -0.5533
vn -0.8336 0.0284 -0.5517
vn -0.8337 0.0309 -0.5514
vn -0.9781 0.0917 -0.1870
vn -0.9779 0.0911 -0.1881
vn -0.9783 0.0901 -0.1866
vn -0.9941 0.0175 0.1071
vn -0.9911 -0.0370 0.1281
vn -0.9299 -0.2047 0.3057
vn -0.9245 0.0964 0.3689
vn -0.6885 0.2863 -0.6663
vn -0.8268 -0.0015 -0.5625
vn -0.8294 -0.0018 -0.5587
vn -0.8450 0.0182 -0.5344
vn -0.9845 0.0306 -0.1730
vn -0.9845 0.0267 -0.1731
vn -0.9849 0.0250 -0.1714
vn -0.9852 0.0272 -0.1693
vn -0.9674 0.0570 0.2468
vn -0.9677 0.0563 0.2459
vn -0.9673 0.0559 0.2473
vn -0.9839 0.0194 -0.1779
vn -0.9140 -0.0850 -0.3967
vn -0.9916 -0.1273 -0.0213
vn -0.9843 0.0189 -0.1757
vn -0.9788 0.0200 0.2038
vn -0.9783 0.0177 0.2064
vn -0.9783 0.0158 0.2064
vn -0.9775 0.0197 0.2099
vn -0.7635 0.0357 0.6448
vn -0.7632 0.0350 0.6452
vn -0.7192 0.0675 0.6915
vn -0.6938 0.0511 0.7184
vn -0.7185 0.0683 0.6921
vn -0.8004 0.0268 0.5988
vn -0.7988 0.0247 0.6011
vn -0.7890 0.0649 0.6109
vn -0.8372 0.0081 0.5469
vn -0.8359 0.0108 0.5488
vn -0.4577 0.0325 0.8885
vn -0.4847 0.0730 0.8716
vn -0.5802 0.0283 0.8140
vn -0.5666 0.0059 0.8240
vn -0.1138 0.0365 0.9928
vn -0.1507 0.0677 0.9863
vn -0.2496 0.0330 0.9678
vn -0.1828 0.0156 0.9830
vn 0.2658 0.0438 0.9630
vn 0.2176 0.0561 0.9744
vn 0.1259 0.0399 0.9912
vn 0.1273 0.0385 0.9911
vn 0.1279 0.0387 0.9910
vn 0.2361 0.0331 0.9712
vn 0.6213 0.0567 0.7815
vn 0.5889 0.0383 0.8073
vn 0.5141 0.0453 0.8566
vn 0.5144 0.0445 0.8564
vn 0.5156 0.0459 0.8556
vn 0.5862 0.0465 0.8088
vn 0.8687 0.0727 0.4899
vn 0.8677 0.0217 0.4966
vn 0.8295 0.0458 0.5566
vn 0.8299 0.0462 0.5559
vn 0.8349 0.0478 0.5484
vn 0.9839 0.0852 0.1570
vn 0.9903 0.0146 0.1385
vn 0.9845 0.0411 0.1704
vn 0.9790 0.0361 0.2009
vn 0.9777 0.0906 -0.1896
vn 0.9777 0.0160 -0.2096
vn 0.9766 0.0355 -0.2122
vn 0.9805 0.0192 -0.1958
vn 0.8276 0.0919 -0.5538
vn 0.8368 0.0166 -0.5473
vn 0.8376 0.0343 -0.5453
vn 0.8113 0.0034 -0.5846
vn 0.4924 0.0969 -0.8650
vn 0.5389 0.0053 -0.8424
vn 0.5899 0.0373 -0.8066
vn 0.5284 -0.0033 -0.8490
vn 0.0422 0.1092 -0.9931
vn 0.1026 -0.0180 -0.9946
vn 0.2495 0.0376 -0.9676
vn 0.1914 -0.0016 -0.9815
vn -0.1155 0.2412 -0.9636
vn 0.7017 0.1643 -0.6933
vn 0.6644 0.2456 -0.7059
vn 0.9809 0.1945 -0.0021
vn 0.9807 0.1954 -0.0044
vn 0.9714 0.1573 0.1778
vn 0.9717 0.1583 0.1754
vn 0.8928 0.2652 0.3642
vn 0.5497 0.3057 0.7774
vn 0.0499 0.1790 0.9826
vn -0.1579 0.1259 0.9794
vn -0.5096 0.1071 0.8537
vn -0.6582 0.2098 0.7230
vn -0.9882 0.1529 -0.0110
vn -0.9689 0.2440 0.0403
vn -0.8100 0.3818 -0.4452
vn -0.5112 0.3683 -0.7765
vn -0.0243 0.1772 -0.9839
vn 0.2315 0.0020 -0.9728
vn 0.6014 0.0020 -0.7989
vn 0.8418 0.0018 -0.5398
vn 0.9737 0.0019 -0.2279
vn 0.9897 0.0022 0.1429
vn 0.8403 0.0025 0.5421
vn 0.8404 0.0022 0.5420
vn 0.5126 0.0024 0.8586
vn 0.5119 0.0021 0.8591
vn 0.5139 0.0010 0.8579
vn 0.1257 0.0020 0.9921
vn 0.1242 0.0006 0.9923
vn 0.1261 0.0010 0.9920
vn -0.2350 0.0017 0.9720
vn -0.2358 0.0014 0.9718
vn -0.5648 0.0014 0.8252
vn -0.7354 0.0033 0.6776
vn -0.7108 -0.0155 0.7032
vn -0.7231 0.0402 0.6896
vn -0.8675 -0.0152 -0.4972
vn -0.7772 -0.1750 -0.6045
vn -0.8698 -0.0619 -0.4894
vn -0.8678 -0.0166 -0.4967
vn -0.4450 0.0437 -0.8945
vn -0.4194 -0.0199 -0.9076
vn -0.4482 -0.0013 -0.8939
vn -0.2223 0.0015 -0.9750
vn -0.9298 0.2020 -0.3078
vn -0.9874 -0.0093 -0.1578
vn -0.9880 -0.0094 -0.1540
vn -0.9778 0.1359 0.1597
vn -0.7678 0.1435 -0.6244
vn -0.6680 -0.1870 -0.7202
vn -0.8716 -0.0336 -0.4890
vn -0.8853 0.0057 -0.4651
vn -0.9785 0.0470 0.2007
vn -0.9825 0.0084 0.1859
vn -0.9373 -0.1780 0.2995
vn -0.9782 0.0469 0.2024
vn -0.9432 0.2341 -0.2357
vn -0.9222 -0.1548 -0.3544
vn -0.9525 -0.3044 0.0111
vn -0.9893 0.1457 0.0052
vn 0.3289 0.1568 -0.9312
vn 0.3235 0.2031 -0.9242
vn -0.0264 0.2933 -0.9557
vn -0.3680 0.2888 -0.8838
vn -0.2577 0.3324 -0.9072
vn -0.5038 0.4037 -0.7637
vn -0.9079 0.3045 -0.2880
vn -0.8883 0.2773 -0.3662
vn -0.8161 0.3638 -0.4489
vn -0.9348 0.1669 0.3134
vn -0.9356 0.1199 0.3321
vn -0.9878 0.1504 0.0399
vn -0.9374 0.1407 -0.3186
vn -0.9155 0.1723 -0.3634
vn -0.9689 0.2472 -0.0096
vn -0.4819 0.1704 0.8595
vn -0.4957 0.1433 0.8566
vn -0.6670 0.1411 0.7316
vn -0.7224 0.1765 0.6686
vn -0.6375 0.2298 0.7354
vn -0.5090 0.1163 0.8529
vn -0.0633 0.2349 0.9699
vn 0.0299 0.1949 0.9804
vn -0.1578 0.1324 0.9786
vn -0.1857 0.1702 0.9677
vn -0.1814 0.2136 0.9599
vn 0.0471 0.2552 0.9658
vn 0.5852 0.2593 0.7683
vn 0.5008 0.2607 0.8254
vn 0.5487 0.3102 0.7763
vn 0.9603 0.2225 0.1681
vn 0.9723 0.1794 0.1497
vn 0.9721 0.1785 0.1522
vn 0.9078 0.2007 0.3683
vn 0.9085 0.1985 0.3676
vn 0.9694 0.1579 0.1878
vn 0.9699 0.1557 0.1870
vn 0.9689 0.1602 0.1883
vn 0.9686 0.1592 0.1908
vn 0.9704 0.1624 0.1787
vn 0.9710 0.1599 0.1778
vn 0.9527 0.1909 0.2365
vn 0.9534 0.1886 0.2357
vn 0.9473 0.2196 0.2332
vn 0.9632 0.2689 -0.0012
vn 0.4109 0.1727 -0.8952
vn 0.3853 0.1297 -0.9136
vn 0.6771 0.1588 -0.7185
vn 0.8848 0.1613 -0.4372
vn 0.8705 0.1999 -0.4497
vn 0.6861 0.2582 -0.6802
vn -0.3911 0.1619 -0.9060
vn -0.3868 0.1305 -0.9129
vn -0.1156 0.1573 -0.9808
vn 0.0255 -0.9997 0.0017
vn 0.0000 0.0000 1.0000
vn -0.8709 -0.4475 0.2033
vn -0.7802 -0.4170 -0.4662
vn -0.7808 -0.4149 -0.4671
vn -0.7811 -0.4138 -0.4676
vn 0.1177 -0.3853 0.9153
vn 0.5048 -0.4477 0.7380
vn -0.7792 -0.4442 -0.4422
vn 0.8931 -0.2626 0.3653
vn 0.7876 -0.4354 -0.4359
vn 0.7877 -0.4346 -0.4367
vn -0.2563 -0.4247 0.8683
vn -0.0423 -0.9988 0.0226
vn -0.0010 -1.0000 0.0014
vn 0.3762 -0.7951 -0.4757
vn 0.5709 -0.3306 -0.7515
vn 0.8608 -0.3522 0.3675
vn 0.2644 -0.3408 -0.9022
vn -0.9020 -0.3459 0.2585
vn -0.3715 -0.8984 0.2342
vn 0.9334 -0.3191 0.1643
vn -0.8824 -0.4585 -0.1056
vn -0.7851 -0.4134 -0.4613
vn -0.7845 -0.4156 -0.4603
vn -0.7855 -0.4123 -0.4614
vn -0.7733 -0.3328 -0.5396
vn 0.8053 -0.4726 0.3581
vn 0.8960 -0.2593 -0.3604
vn 0.2476 -0.4581 -0.8537
vn 0.2876 -0.4520 -0.8444
vn 0.1187 -0.5693 0.8135
vn 0.8905 -0.3908 0.2332
vn 0.8909 -0.3898 0.2330
vn -0.4308 -0.3146 -0.8459
vn 0.2982 -0.3808 -0.8752
vn -0.8853 -0.3570 0.2981
vn 0.7459 -0.2778 -0.6054
vn -0.6901 -0.3490 0.6340
vn 0.8446 -0.5248 0.1062
vn -0.2720 -0.5967 0.7550
vn -0.3340 -0.5955 0.7306
vn -0.7672 -0.5927 0.2452
vn -0.6866 -0.5326 0.4949
vn 0.0041 -1.0000 -0.0044
vn 0.0005 -1.0000 0.0016
vn -0.2838 -0.8446 -0.4539
vn -0.2337 -0.4076 -0.8828
vn -0.1811 -0.3713 -0.9107
vn -0.7714 -0.3776 -0.5122
vn -0.7082 -0.4264 -0.5627
vn -0.2205 -0.8459 -0.4856
vn 0.5890 -0.5618 -0.5809
vn 0.4246 -0.3832 -0.8203
vn 0.2788 -0.3865 -0.8791
vn 0.0329 -0.5719 -0.8197
vn 0.8522 -0.5232 0.0032
vn 0.5271 -0.6169 -0.5845
vn 0.7005 -0.6885 0.1881
vn 0.9187 -0.3786 0.1122
vn 0.9232 -0.3541 -0.1492
vn 0.8470 -0.4309 -0.3112
vn -0.3461 -0.4102 0.8437
vn -0.1975 -0.3504 0.9155
vn 0.0881 -0.3768 0.9221
vn 0.1408 -0.6776 0.7218
vn -0.4600 -0.1085 -0.8813
vn 0.9248 -0.0637 -0.3751
vn 0.2984 -0.1098 -0.9481
vn 0.9328 -0.0613 0.3552
vn 0.9463 -0.1322 0.2950
vn -0.0784 -0.1398 0.9871
vn 0.2611 -0.1157 0.9583
vn -0.8708 -0.1477 0.4690
vn -0.4437 -0.0660 0.8937
vn -0.9048 -0.1128 -0.4106
vn -0.7408 -0.1748 0.6486
vn -0.7372 -0.0849 -0.6703
vn -0.6316 -0.0769 -0.7714
vn 0.6708 -0.1660 -0.7229
vn -0.0232 -0.3896 -0.9207
vn -0.8431 -0.3938 -0.3663
vn 0.7838 -0.4069 -0.4691
vn -0.2661 -0.4108 -0.8720
vn -0.2661 -0.4086 -0.8730
vn 0.6256 -0.4298 0.6511
vn 0.6369 -0.3593 -0.6822
vn -0.6725 -0.3655 0.6435
vn 0.5924 -0.4297 0.6815
vn -0.8492 -0.3091 0.4282
vn -0.3664 -0.2839 0.8861
vn -0.8986 -0.3141 -0.3063
vn 0.7091 -0.2317 -0.6660
vn -0.8792 -0.2431 0.4098
vn 0.9642 -0.2044 0.1687
vn -0.8017 -0.2427 -0.5463
vn -0.8003 -0.2431 -0.5482
vn 0.8759 -0.2617 0.4054
vn 0.2463 -0.3181 0.9155
vn 0.2350 -0.1751 -0.9561
vn -0.9609 -0.1730 0.2162
vn 0.9017 -0.3123 0.2990
vn 0.3664 -0.2985 -0.8813
vn 0.3434 -0.2806 0.8963
vn 0.9408 -0.3162 -0.1223
vn -0.0006 -0.3171 -0.9484
vn 0.7759 -0.4008 0.4872
vn -0.4467 -0.3191 0.8358
vn -0.9453 -0.3239 -0.0371
vn -0.2075 -0.2603 -0.9430
vn 0.4012 -0.3133 0.8607
vn 0.4016 -0.3123 0.8609
vn 0.9082 -0.3896 0.1533
vn -0.9459 -0.3033 -0.1152
vn -0.8878 -0.3473 0.3018
vn -0.8881 -0.3463 0.3023
vn 0.3823 -0.3412 -0.8588
vn 0.4957 -0.4177 0.7615
vn -0.4420 -0.2511 0.8612
vn 0.3988 -0.4027 0.8239
vn -0.8393 -0.3909 0.3779
vn -0.8824 -0.3160 -0.3486
vn -0.2719 -0.4070 0.8720
vn -0.6288 -0.2719 0.7285
vn -0.8628 -0.3843 -0.3284
vn -0.5328 -0.2567 -0.8064
vn 0.8532 -0.3423 -0.3936
vn -0.7679 -0.2606 -0.5851
vn 0.0004 -1.0000 0.0019
vn 0.3395 -0.4703 0.8146
vn 0.3707 -0.9106 0.1828
vn 0.3470 -0.5286 0.7747
vn 0.1777 -0.0582 0.9824
vn 0.0671 0.6793 0.7308
vn 0.2172 0.1394 0.9661
vn -0.0129 0.9666 -0.2558
vn 0.2923 0.3912 -0.8727
vn 0.9778 0.0366 0.2061
vn 0.1451 0.9002 -0.4105
vn 0.3071 -0.9334 0.1854
vn 0.3059 -0.9334 0.1876
vn 0.3037 -0.9343 0.1868
vn 0.3276 -0.9327 0.1511
vn 0.3266 -0.9326 0.1535
vn 0.1867 0.9177 -0.3506
vn 0.3313 -0.9217 0.2020
vn 0.3300 -0.9216 0.2042
vn 0.3276 -0.9227 0.2033
vn 0.0713 0.3677 -0.9272
vn 0.3311 -0.8017 -0.4977
vn 0.3081 -0.9326 0.1879
vn 0.3071 -0.9325 0.1903
vn 0.1919 -0.4096 -0.8918
vn 0.9782 0.0181 -0.2070
vn 0.3670 -0.9129 0.1786
vn 0.1119 0.1985 0.9737
vn 0.0925 0.5565 0.8257
vn -0.0310 0.9657 0.2579
vn 0.0515 0.5462 0.8361
vn 0.1109 0.3605 -0.9262
vn 0.0377 0.9654 -0.2579
vn 0.2553 -0.4389 -0.8615
vn 0.0197 0.9723 0.2327
vn 0.2209 0.4614 -0.8593
vn 0.1412 0.6117 0.7784
vn 0.2870 -0.8327 -0.4736
vn 0.1937 -0.2611 -0.9457
vn 0.2464 -0.2186 -0.9442
vn 0.1446 0.2812 0.9487
vn -0.0019 -1.0000 0.0000
usemtl tall_pine
s off
f 20/1/1 1/2/1 2/3/1 21/4/1
f 21/4/2 2/3/2 3/5/2 25/6/2
f 25/6/3 3/5/3 4/7/3 29/8/3
f 29/8/4 4/7/4 5/9/4 33/10/4
f 33/11/5 5/12/5 6/13/5 37/14/5
f 37/14/6 6/13/6 7/15/6 41/16/6
f 41/16/7 7/15/7 8/17/7 45/18/7
f 45/18/8 8/17/8 9/19/8 49/20/8
f 49/20/9 9/19/9 10/21/9 53/22/9
f 53/22/10 10/21/10 11/23/10 57/24/10
f 57/24/11 11/23/11 12/25/11 61/26/11
f 61/26/12 12/25/12 13/27/12 65/28/13
f 65/28/14 13/27/15 14/29/15 68/30/16
f 68/30/17 14/29/18 15/31/18 71/32/18
f 2/33/19 1/34/19 16/35/19 15/36/19 14/37/19 13/38/19 12/39/19 11/40/19 10/41/19 9/42/19 8/43/19 7/44/19 6/45/19 5/9/19 4/7/19 3/46/19
f 71/32/20 15/31/20 16/47/20 75/48/20
f 75/48/21 16/47/21 1/2/21 20/1/21
f 93/49/22 78/50/22 17/51/22 94/52/22 144/53/22
f 78/50/23 77/54/23 18/55/23 17/51/23
f 108/56/24 76/57/24 19/58/24 95/59/24
f 76/57/25 75/48/25 20/1/25 19/58/25
f 92/60/26 74/61/26 78/50/26 93/49/26 143/62/26
f 74/61/27 73/63/28 77/54/27 78/50/27
f 107/64/29 72/65/30 76/57/31 108/56/31
f 72/65/32 71/32/33 75/48/33 76/57/33
f 91/66/34 70/67/35 74/61/34 92/60/34 142/68/34
f 106/69/36 62/70/37 66/71/38 111/72/39
f 69/73/40 68/30/41 71/32/42 72/65/43
f 90/74/44 67/75/45 70/67/46 91/66/44 141/76/44
f 63/77/47 106/69/48 111/72/49 109/78/50
f 112/79/51 69/73/52 72/65/53 107/64/54
f 66/71/55 65/28/56 68/30/57 69/73/58
f 89/80/59 64/81/60 67/75/61 90/74/59 140/82/59
f 67/75/62 109/78/63 110/83/64 70/67/65
f 62/70/66 61/26/67 65/28/68 66/71/69
f 88/84/70 60/85/70 64/81/71 89/80/70 139/86/70
f 60/85/72 59/87/72 63/77/73 64/81/74
f 105/88/75 58/89/75 62/70/76 106/69/77
f 58/89/78 57/24/78 61/26/78 62/70/79
f 87/90/80 56/91/80 60/85/80 88/84/80 138/92/80
f 56/91/81 55/93/81 59/87/81 60/85/81
f 104/94/82 54/95/82 58/89/82 105/88/82
f 54/95/83 53/22/83 57/24/83 58/89/83
f 86/96/84 52/97/84 56/91/84 87/90/84 137/98/84
f 52/97/85 51/99/85 55/93/85 56/91/85
f 103/100/86 50/101/86 54/95/86 104/94/86
f 50/101/87 49/20/87 53/22/87 54/95/87
f 85/102/88 48/103/88 52/97/88 86/96/88 136/104/88
f 48/103/89 47/105/89 51/99/89 52/97/89
f 102/106/90 46/107/91 50/101/91 103/100/91
f 46/107/92 45/18/92 49/20/92 50/101/92
f 84/108/93 44/109/93 48/103/93 85/102/93 135/110/93
f 44/109/94 43/111/94 47/105/94 48/103/94
f 101/112/95 42/113/96 46/107/96 102/106/97
f 42/113/98 41/16/98 45/18/98 46/107/98
f 83/114/99 40/115/99 44/109/99 84/108/99 134/116/99
f 40/115/100 39/117/100 43/111/100 44/109/100
f 100/118/101 38/119/101 42/113/101 101/112/102
f 38/119/103 37/14/103 41/16/103 42/113/103
f 82/120/104 36/121/104 40/115/104 83/114/104 133/122/104
f 36/121/105 35/123/105 39/117/105 40/115/105
f 99/124/106 34/125/106 38/119/106 100/118/106
f 34/125/107 33/11/107 37/14/107 38/119/107
f 81/126/108 32/127/108 36/128/108 82/129/108 132/130/108
f 32/127/109 31/131/109 35/132/109 36/128/109
f 98/133/110 30/134/110 34/135/110 99/136/110
f 30/134/111 29/8/111 33/10/111 34/135/111
f 80/137/112 28/138/112 32/127/112 81/126/112 131/139/112
f 28/138/113 27/140/113 31/131/113 32/127/113
f 97/141/114 26/142/114 30/134/114 98/133/114
f 26/142/115 25/6/115 29/8/115 30/134/115
f 79/143/116 24/144/116 28/138/116 80/137/116 130/145/116
f 24/144/117 23/146/117 27/140/117 28/138/117
f 96/147/118 22/148/118 26/142/118 97/141/118
f 22/148/119 21/4/119 25/6/119 26/142/119
f 94/52/120 17/51/120 24/144/120 79/143/120 129/149/120
f 17/51/121 18/55/121 23/146/121 24/144/121
f 95/59/122 19/58/122 22/148/122 96/147/122
f 19/58/123 20/1/123 21/4/123 22/148/123
f 160/150/124 129/149/124 79/143/124 113/151/124
f 159/152/125 130/145/125 80/137/125 114/153/125
f 158/154/126 131/139/126 81/126/126 115/155/126
f 157/156/127 132/130/127 82/129/127 116/157/128
f 156/158/129 133/122/129 83/114/129 117/159/130
f 155/160/131 134/116/131 84/108/131 118/161/131
f 154/162/132 135/110/132 85/102/132 119/163/132
f 153/164/133 136/104/133 86/96/133 120/165/133
f 152/166/134 137/98/134 87/90/134 121/167/134
f 151/168/135 138/92/135 88/84/135 122/169/135
f 150/170/136 139/86/136 89/80/136 123/171/136
f 149/172/137 140/82/137 90/74/137 124/173/137
f 148/174/138 141/76/138 91/66/138 125/175/138
f 147/176/139 142/68/139 92/60/139 126/177/139
f 146/178/140 143/62/140 93/49/140 127/179/140
f 145/180/141 144/53/141 94/52/141 128/181/141
f 18/55/142 95/59/142 96/147/142 23/146/142
f 23/146/143 96/147/143 97/141/143 27/140/143
f 27/140/144 97/141/144 98/133/144 31/131/144
f 31/131/145 98/133/145 99/136/145 35/132/145
f 35/123/146 99/124/146 100/118/146 39/117/146
f 39/117/147 100/118/147 101/112/148 43/111/147
f 43/111/149 101/112/150 102/106/151 47/105/149
f 47/105/152 102/106/153 103/100/152 51/99/152
f 51/99/154 103/100/155 104/94/154 55/93/154
f 55/93/156 104/94/156 105/88/156 59/87/156
f 59/87/157 105/88/157 106/69/158 63/77/159
f 70/67/160 110/83/161 73/63/162 74/61/163
f 73/63/164 107/64/165 108/56/166 77/54/166
f 77/54/167 108/56/167 95/59/167 18/55/167
f 111/72/168 66/71/169 69/73/170 112/79/171
f 110/83/172 112/79/173 107/64/174 73/63/175
f 64/81/176 63/77/177 109/78/178 67/75/179
f 109/78/180 111/72/181 112/79/182 110/83/183
f 127/179/184 93/49/184 144/53/184 145/180/184
f 126/177/185 92/60/185 143/62/185 146/178/185
f 125/175/186 91/66/186 142/68/186 147/176/186
f 124/173/187 90/74/187 141/76/187 148/174/187
f 123/171/188 89/80/188 140/82/188 149/172/188
f 122/169/189 88/84/189 139/86/189 150/170/189
f 121/167/190 87/90/190 138/92/190 151/168/190
f 120/165/191 86/96/191 137/98/191 152/166/191
f 119/163/192 85/102/192 136/104/192 153/164/192
f 118/161/193 84/108/193 135/110/193 154/162/193
f 117/159/194 83/114/195 134/116/195 155/160/195
f 116/182/196 82/120/197 133/122/197 156/158/197
f 115/155/198 81/126/198 132/130/198 157/156/198
f 114/153/199 80/137/199 131/139/199 158/154/199
f 113/151/200 79/143/200 130/145/200 159/152/200
f 128/181/201 94/52/201 129/149/201 160/150/201
f 257/183/202 258/184/202 166/185/202 163/186/202
f 163/186/203 166/185/203 165/187/203 162/188/203
f 162/188/204 165/187/204 164/189/204 161/190/204
f 258/184/205 259/191/205 169/192/205 166/185/205
f 166/185/206 169/192/206 168/193/206 165/187/206
f 165/187/207 168/193/207 167/194/207 164/189/207
f 259/191/208 260/195/208 172/196/208 169/192/208
f 169/192/209 172/196/209 171/197/209 168/193/209
f 168/193/210 171/197/210 170/198/210 167/194/210
f 260/195/211 261/199/211 175/200/211 172/196/211
f 172/196/212 175/200/212 174/201/212 171/197/212
f 171/197/213 174/201/213 173/202/213 170/198/213
f 261/199/214 262/203/214 178/204/214 175/200/214
f 175/200/215 178/204/215 177/205/215 174/201/215
f 174/201/216 177/205/216 176/206/216 173/202/216
f 262/203/217 263/207/217 181/208/217 178/204/217
f 178/204/218 181/208/218 180/209/218 177/205/218
f 177/205/219 180/209/219 179/210/219 176/206/219
f 263/207/220 264/211/220 184/212/220 181/208/220
f 181/208/221 184/212/221 183/213/221 180/209/221
f 180/209/222 183/213/222 182/214/222 179/210/222
f 264/211/223 265/215/223 187/216/223 184/212/223
f 184/212/224 187/216/224 186/217/224 183/213/224
f 183/213/225 186/217/225 185/218/225 182/214/225
f 265/219/226 266/220/226 190/221/226 187/222/226
f 187/222/227 190/221/227 189/223/227 186/224/227
f 186/224/228 189/223/228 188/225/228 185/226/228
f 266/220/229 267/227/229 193/228/229 190/221/229
f 190/221/230 193/228/230 192/229/230 189/223/230
f 189/223/231 192/229/231 191/230/231 188/225/231
f 267/227/232 268/231/232 196/232/232 193/228/232
f 193/228/233 196/232/233 195/233/233 192/229/233
f 192/229/234 195/233/234 194/234/234 191/230/234
f 268/231/235 269/235/235 199/236/235 196/232/235
f 196/232/236 199/236/236 198/237/236 195/233/236
f 195/233/237 198/237/237 197/238/237 194/234/237
f 269/235/238 270/239/238 202/240/238 199/236/238
f 199/236/239 202/240/239 201/241/239 198/237/239
f 198/237/240 201/241/240 200/242/240 197/238/240
f 270/239/241 271/243/241 205/244/241 202/240/241
f 202/240/242 205/244/242 204/245/242 201/241/242
f 201/241/243 204/245/243 203/246/243 200/242/243
f 271/243/244 272/247/244 208/248/244 205/244/244
f 205/244/245 208/248/245 207/249/245 204/245/245
f 204/245/246 207/249/246 206/250/246 203/246/246
f 272/247/247 273/251/247 211/252/247 208/248/247
f 208/248/248 211/252/248 210/253/248 207/249/248
f 207/249/249 210/253/249 209/254/249 206/250/249
f 273/251/250 274/255/250 214/256/250 211/252/250
f 211/252/251 214/256/251 213/257/251 210/253/251
f 210/253/252 213/257/252 212/258/252 209/254/252
f 274/255/253 275/259/253 217/260/253 214/256/253
f 214/256/254 217/260/254 216/261/254 213/257/254
f 213/257/255 216/261/255 215/262/255 212/258/255
f 275/259/256 276/263/256 220/264/256 217/260/256
f 217/260/257 220/264/257 219/265/257 216/261/257
f 216/261/258 219/265/258 218/266/258 215/262/258
f 276/263/259 277/267/259 223/268/259 220/264/259
f 220/264/260 223/268/260 222/269/260 219/265/260
f 219/265/261 222/269/261 221/270/261 218/266/261
f 277/267/262 278/271/262 226/272/262 223/268/262
f 223/268/263 226/272/263 225/273/263 222/269/263
f 222/269/264 225/273/264 224/274/264 221/270/264
f 278/271/265 279/275/265 229/276/265 226/272/265
f 226/272/266 229/276/266 228/277/266 225/273/266
f 225/273/267 228/277/267 227/278/267 224/274/267
f 279/275/268 280/279/268 232/280/268 229/276/268
f 229/276/269 232/280/269 231/281/269 228/277/269
f 228/277/270 231/281/270 230/282/270 227/278/270
f 280/279/271 281/283/271 235/284/271 232/280/271
f 232/280/272 235/284/272 234/285/272 231/281/272
f 231/281/273 234/285/273 233/286/273 230/282/273
f 281/287/274 282/288/274 238/289/274 235/290/274
f 235/290/275 238/289/275 237/291/275 234/292/275
f 234/292/276 237/291/276 236/293/276 233/294/276
f 282/288/277 283/295/277 241/296/277 238/289/277
f 238/289/278 241/296/278 240/297/278 237/291/278
f 237/291/279 240/297/279 239/298/279 236/293/279
f 283/295/280 284/299/280 244/300/280 241/296/280
f 241/296/281 244/300/281 243/301/281 240/297/281
f 240/297/282 243/301/282 242/302/282 239/298/282
f 284/299/283 285/303/283 247/304/283 244/300/283
f 244/300/284 247/304/284 246/305/284 243/301/284
f 243/301/285 246/305/285 245/306/285 242/302/285
f 285/303/286 286/307/286 250/308/286 247/304/286
f 247/304/287 250/308/287 249/309/287 246/305/287
f 246/305/288 249/309/288 248/310/288 245/306/288
f 286/307/289 287/311/289 253/312/289 250/308/289
f 250/308/290 253/312/290 252/313/290 249/309/290
f 249/309/291 252/313/291 251/314/291 248/310/291
f 287/311/292 288/315/292 256/316/292 253/312/292
f 253/312/293 256/316/293 255/317/293 252/313/293
f 252/313/294 255/317/294 254/318/294 251/314/294
f 288/315/295 257/183/295 163/186/295 256/316/295
f 256/316/296 163/186/296 162/188/296 255/317/296
f 255/317/297 162/188/297 161/190/297 254/318/297
f 185/218/298 890/319/298 874/320/298 182/214/298
f 294/321/299 298/322/299 259/191/299 258/184/299
f 410/323/300 414/324/300 288/315/300 287/311/300
f 406/325/301 410/323/301 287/311/301 286/307/301
f 402/326/302 406/325/302 286/307/302 285/303/302
f 398/327/303 402/326/303 285/303/303 284/299/303
f 394/328/304 398/327/304 284/299/304 283/295/304
f 390/329/305 394/328/305 283/295/305 282/288/305
f 386/330/306 390/329/306 282/288/306 281/287/306
f 382/331/307 386/332/307 281/283/307 280/279/307
f 378/333/308 382/331/308 280/279/308 279/275/308
f 374/334/309 378/333/309 279/275/309 278/271/309
f 370/335/310 374/334/310 278/271/310 277/267/310
f 366/336/311 370/335/311 277/267/311 276/263/311
f 362/337/312 366/336/312 276/263/312 275/259/312
f 358/338/313 362/337/313 275/259/313 274/255/313
f 354/339/314 358/338/314 274/255/314 273/251/314
f 350/340/315 354/339/315 273/251/315 272/247/315
f 346/341/316 350/340/316 272/247/316 271/243/316
f 342/342/317 346/341/317 271/243/317 270/239/317
f 338/343/318 342/342/318 270/239/318 269/235/318
f 334/344/319 338/343/319 269/235/319 268/231/319
f 330/345/320 334/344/320 268/231/320 267/227/320
f 326/346/321 330/345/321 267/227/321 266/220/321
f 322/347/322 326/346/322 266/220/322 265/219/322
f 318/348/323 322/349/323 265/215/323 264/211/323
f 314/350/324 318/348/324 264/211/324 263/207/324
f 310/351/325 314/350/325 263/207/325 262/203/325
f 306/352/326 310/351/326 262/203/326 261/199/326
f 302/353/327 306/352/327 261/199/327 260/195/327
f 298/322/328 302/353/328 260/195/328 259/191/328
f 289/354/329 413/355/329 409/356/329 405/357/329 401/358/329 397/359/329 393/360/329 389/361/329 385/362/329 381/363/329 377/364/329 373/365/329 369/366/329 365/367/329 361/368/329 357/369/329 353/370/329 349/371/329 345/372/329 341/373/329 337/374/329 333/375/329 329/376/329 325/377/329 321/378/329 317/379/329 313/380/329 309/381/329 305/382/329 301/383/329 297/384/329 293/385/329
f 414/324/330 290/386/330 257/183/330 288/315/330
f 289/387/331 293/388/331 295/389/331 291/390/331
f 291/390/332 295/389/332 296/391/332 292/392/332
f 292/392/333 296/391/333 294/321/333 290/386/333
f 293/388/334 297/393/334 299/394/334 295/389/334
f 295/389/335 299/394/335 300/395/335 296/391/335
f 296/391/336 300/395/336 298/322/336 294/321/336
f 297/393/337 301/396/337 303/397/337 299/394/337
f 299/394/338 303/397/338 304/398/338 300/395/338
f 300/395/339 304/398/339 302/353/339 298/322/339
f 301/396/340 305/399/340 307/400/340 303/397/340
f 303/397/341 307/400/341 308/401/341 304/398/341
f 304/398/342 308/401/342 306/352/342 302/353/342
f 305/399/343 309/402/343 311/403/343 307/400/343
f 307/400/344 311/403/344 312/404/344 308/401/344
f 308/401/345 312/404/345 310/351/345 306/352/345
f 309/402/346 313/405/346 315/406/346 311/403/346
f 311/403/347 315/406/347 316/407/347 312/404/347
f 312/404/348 316/407/348 314/350/348 310/351/348
f 313/405/349 317/408/349 319/409/349 315/406/349
f 315/406/350 319/409/350 320/410/350 316/407/350
f 316/407/351 320/410/351 318/348/351 314/350/351
f 317/408/352 321/411/352 323/412/352 319/409/352
f 319/409/353 323/412/353 324/413/353 320/410/353
f 320/410/354 324/413/354 322/349/354 318/348/354
f 321/378/355 325/377/355 327/414/355 323/415/355
f 323/415/356 327/414/356 328/416/356 324/417/356
f 324/417/357 328/416/357 326/346/357 322/347/357
f 325/377/358 329/376/358 331/418/358 327/414/358
f 327/414/359 331/418/359 332/419/359 328/416/359
f 328/416/360 332/419/360 330/345/360 326/346/360
f 329/376/361 333/375/361 335/420/361 331/418/361
f 331/418/362 335/420/362 336/421/362 332/419/362
f 332/419/363 336/421/363 334/344/363 330/345/363
f 333/375/364 337/374/364 339/422/364 335/420/364
f 335/420/365 339/422/365 340/423/365 336/421/365
f 336/421/366 340/423/366 338/343/366 334/344/366
f 337/374/367 341/373/367 343/424/367 339/422/367
f 339/422/368 343/424/368 344/425/368 340/423/368
f 340/423/369 344/425/369 342/342/369 338/343/369
f 341/373/370 345/372/370 347/426/370 343/424/370
f 343/424/371 347/426/371 348/427/371 344/425/371
f 344/425/372 348/427/372 346/341/372 342/342/372
f 345/372/373 349/371/373 351/428/373 347/426/373
f 347/426/374 351/428/374 352/429/374 348/427/374
f 348/427/375 352/429/375 350/340/375 346/341/375
f 349/371/376 353/370/376 355/430/376 351/428/376
f 351/428/377 355/430/377 356/431/377 352/429/377
f 352/429/378 356/431/378 354/339/378 350/340/378
f 353/370/379 357/369/379 359/432/379 355/430/379
f 355/430/380 359/432/380 360/433/380 356/431/380
f 356/431/381 360/433/381 358/338/381 354/339/381
f 357/369/382 361/368/382 363/434/382 359/432/382
f 359/432/383 363/434/383 364/435/383 360/433/383
f 360/433/384 364/435/384 362/337/384 358/338/384
f 361/368/385 365/367/385 367/436/385 363/434/385
f 363/434/386 367/436/386 368/437/386 364/435/386
f 364/435/387 368/437/387 366/336/387 362/337/387
f 365/367/388 369/366/388 371/438/388 367/436/388
f 367/436/389 371/438/389 372/439/389 368/437/389
f 368/437/390 372/439/390 370/335/390 366/336/390
f 369/366/391 373/365/391 375/440/391 371/438/391
f 371/438/392 375/440/392 376/441/392 372/439/392
f 372/439/393 376/441/393 374/334/393 370/335/393
f 373/365/394 377/364/394 379/442/394 375/440/394
f 375/440/395 379/442/395 380/443/395 376/441/395
f 376/441/396 380/443/396 378/333/396 374/334/396
f 377/364/397 381/363/397 383/444/397 379/442/397
f 379/442/398 383/444/398 384/445/398 380/443/398
f 380/443/399 384/445/399 382/331/399 378/333/399
f 381/363/400 385/362/400 387/446/400 383/444/400
f 383/444/401 387/446/401 388/447/401 384/445/401
f 384/445/402 388/447/402 386/332/402 382/331/402
f 385/448/403 389/449/403 391/450/403 387/451/403
f 387/451/404 391/450/404 392/452/404 388/453/404
f 388/453/405 392/452/405 390/329/405 386/330/405
f 389/449/406 393/454/406 395/455/406 391/450/406
f 391/450/407 395/455/407 396/456/407 392/452/407
f 392/452/408 396/456/408 394/328/408 390/329/408
f 393/454/409 397/457/409 399/458/409 395/455/409
f 395/455/410 399/458/410 400/459/410 396/456/410
f 396/456/411 400/459/411 398/327/411 394/328/411
f 397/457/412 401/460/412 403/461/412 399/458/412
f 399/458/413 403/461/413 404/462/413 400/459/413
f 400/459/414 404/462/414 402/326/414 398/327/414
f 401/460/415 405/463/415 407/464/415 403/461/415
f 403/461/416 407/464/416 408/465/416 404/462/416
f 404/462/417 408/465/417 406/325/417 402/326/417
f 405/463/418 409/466/418 411/467/418 407/464/418
f 407/464/419 411/467/419 412/468/419 408/465/419
f 408/465/420 412/468/420 410/323/420 406/325/420
f 409/466/421 413/469/421 415/470/421 411/467/421
f 411/467/422 415/470/422 416/471/422 412/468/422
f 412/468/423 416/471/423 414/324/423 410/323/423
f 413/469/424 289/387/424 291/390/424 415/470/424
f 415/470/425 291/390/425 292/392/425 416/471/425
f 416/471/426 292/392/426 290/386/426 414/324/426
f 290/386/427 294/321/427 258/184/427 257/183/427
f 542/472/428 873/473/428 871/474/428 418/475/428
f 426/476/429 865/477/429 866/478/429 430/479/429
f 430/479/430 866/478/430 867/480/430 434/481/430
f 434/481/431 867/480/431 868/482/431 438/483/431
f 438/483/432 868/482/432 875/484/432 442/485/432
f 442/485/433 875/484/433 874/320/433 446/486/433
f 446/487/434 874/488/434 890/489/434 450/490/434
f 450/490/435 890/489/435 883/491/435 454/492/435
f 454/492/436 883/491/436 881/493/436 458/494/436
f 458/494/437 881/493/437 882/495/437 462/496/437
f 462/496/438 882/495/438 884/497/438 466/498/438
f 466/498/439 884/497/439 885/499/439 470/500/439
f 470/500/440 885/499/440 888/501/440 474/502/440
f 474/502/441 888/501/441 887/503/441 478/504/441
f 478/504/442 887/503/442 886/505/442 482/506/442
f 482/506/443 886/505/443 894/507/443 486/508/443
f 486/508/444 894/507/444 895/509/444 490/510/444
f 490/510/445 895/509/445 893/511/445 494/512/445
f 494/512/446 893/511/446 891/513/446 498/514/446
f 498/514/447 891/513/447 892/515/447 502/516/447
f 502/516/448 892/515/448 889/517/448 506/518/448
f 506/518/449 889/517/449 870/519/449 510/520/449
f 510/520/450 870/519/450 869/521/450 514/522/450
f 514/523/451 869/524/451 876/525/451 518/526/451
f 518/526/452 876/525/452 878/527/452 522/528/452
f 522/528/453 878/527/453 879/529/453 526/530/453
f 526/530/454 879/529/454 880/531/454 530/532/454
f 530/532/455 880/531/455 877/533/455 534/534/455
f 534/534/456 877/533/456 872/535/456 538/536/456
f 538/536/457 872/535/457 873/473/457 542/472/457
f 418/475/458 871/474/458 864/537/458 422/538/458
f 422/538/459 864/537/459 865/477/459 426/476/459
f 418/475/460 422/538/460 424/539/460 420/540/460
f 420/540/461 424/539/461 423/541/461 419/542/461
f 419/542/462 423/541/462 421/543/462 417/544/462
f 422/538/463 426/476/463 428/545/463 424/539/463
f 424/539/464 428/545/464 427/546/464 423/541/464
f 423/541/207 427/546/207 425/547/207 421/543/207
f 426/476/465 430/479/465 432/548/465 428/545/465
f 428/545/209 432/548/209 431/549/209 427/546/209
f 427/546/466 431/549/466 429/550/466 425/547/466
f 430/479/467 434/481/467 436/551/467 432/548/467
f 432/548/468 436/551/468 435/552/468 431/549/468
f 431/549/469 435/552/469 433/553/469 429/550/469
f 434/481/470 438/483/470 440/554/470 436/551/470
f 436/551/471 440/554/471 439/555/471 435/552/471
f 435/552/216 439/555/216 437/556/216 433/553/216
f 438/483/472 442/485/472 444/557/472 440/554/472
f 440/554/473 444/557/473 443/558/473 439/555/473
f 439/555/219 443/558/219 441/559/219 437/556/219
f 442/485/474 446/486/474 448/560/474 444/557/474
f 444/557/475 448/560/475 447/561/475 443/558/475
f 443/558/222 447/561/222 445/562/222 441/559/222
f 446/487/476 450/490/476 452/563/476 448/564/476
f 448/564/477 452/563/477 451/565/477 447/566/477
f 447/566/225 451/565/225 449/567/225 445/568/225
f 450/490/478 454/492/478 456/569/478 452/563/478
f 452/563/479 456/569/479 455/570/479 451/565/479
f 451/565/228 455/570/228 453/571/228 449/567/228
f 454/492/480 458/494/480 460/572/480 456/569/480
f 456/569/481 460/572/481 459/573/481 455/570/481
f 455/570/231 459/573/231 457/574/231 453/571/231
f 458/494/482 462/496/482 464/575/482 460/572/482
f 460/572/483 464/575/483 463/576/483 459/573/483
f 459/573/234 463/576/234 461/577/234 457/574/234
f 462/496/484 466/498/484 468/578/484 464/575/484
f 464/575/485 468/578/485 467/579/485 463/576/485
f 463/576/237 467/579/237 465/580/237 461/577/237
f 466/498/486 470/500/486 472/581/486 468/578/486
f 468/578/239 472/581/239 471/582/239 467/579/239
f 467/579/240 471/582/240 469/583/240 465/580/240
f 470/500/487 474/502/487 476/584/487 472/581/487
f 472/581/488 476/584/488 475/585/488 471/582/488
f 471/582/489 475/585/489 473/586/489 469/583/489
f 474/502/490 478/504/490 480/587/490 476/584/490
f 476/584/491 480/587/491 479/588/491 475/585/491
f 475/585/246 479/588/246 477/589/246 473/586/246
f 478/504/492 482/506/492 484/590/492 480/587/492
f 480/587/493 484/590/493 483/591/493 479/588/493
f 479/588/249 483/591/249 481/592/249 477/589/249
f 482/506/494 486/508/494 488/593/494 484/590/494
f 484/590/495 488/593/495 487/594/495 483/591/495
f 483/591/252 487/594/252 485/595/252 481/592/252
f 486/508/496 490/510/496 492/596/496 488/593/496
f 488/593/497 492/596/497 491/597/497 487/594/497
f 487/594/255 491/597/255 489/598/255 485/595/255
f 490/510/498 494/512/498 496/599/498 492/596/498
f 492/596/499 496/599/499 495/600/499 491/597/499
f 491/597/500 495/600/500 493/601/500 489/598/500
f 494/512/501 498/514/501 500/602/501 496/599/501
f 496/599/260 500/602/260 499/603/260 495/600/260
f 495/600/261 499/603/261 497/604/261 493/601/261
f 498/514/502 502/516/502 504/605/502 500/602/502
f 500/602/503 504/605/503 503/606/503 499/603/503
f 499/603/264 503/606/264 501/607/264 497/604/264
f 502/516/504 506/518/504 508/608/504 504/605/504
f 504/605/505 508/608/505 507/609/505 503/606/505
f 503/606/267 507/609/267 505/610/267 501/607/267
f 506/518/506 510/520/506 512/611/506 508/608/506
f 508/608/507 512/611/507 511/612/507 507/609/507
f 507/609/270 511/612/270 509/613/270 505/610/270
f 510/520/508 514/522/508 516/614/508 512/611/508
f 512/611/509 516/614/509 515/615/509 511/612/509
f 511/612/273 515/615/273 513/616/273 509/613/273
f 514/523/510 518/526/510 520/617/510 516/618/510
f 516/618/511 520/617/511 519/619/511 515/620/511
f 515/620/276 519/619/276 517/621/276 513/622/276
f 518/526/512 522/528/512 524/623/512 520/617/512
f 520/617/513 524/623/513 523/624/513 519/619/513
f 519/619/279 523/624/279 521/625/279 517/621/279
f 522/528/514 526/530/514 528/626/514 524/623/514
f 524/623/515 528/626/515 527/627/515 523/624/515
f 523/624/282 527/627/282 525/628/282 521/625/282
f 526/530/516 530/532/516 532/629/516 528/626/516
f 528/626/517 532/629/517 531/630/517 527/627/517
f 527/627/518 531/630/518 529/631/518 525/628/518
f 530/532/519 534/534/519 536/632/519 532/629/519
f 532/629/520 536/632/520 535/633/520 531/630/520
f 531/630/288 535/633/288 533/634/288 529/631/288
f 534/534/521 538/536/521 540/635/521 536/632/521
f 536/632/522 540/635/522 539/636/522 535/633/522
f 535/633/523 539/636/523 537/637/523 533/634/523
f 538/536/524 542/472/524 544/638/524 540/635/524
f 540/635/525 544/638/525 543/639/525 539/636/525
f 539/636/294 543/639/294 541/640/294 537/637/294
f 542/472/526 418/475/526 420/540/526 544/638/526
f 544/638/527 420/540/527 419/542/527 543/639/527
f 543/639/297 419/542/297 417/544/297 541/640/297
f 564/641/528 850/642/528 853/643/528 565/644/528
f 565/644/529 853/643/529 854/645/529 569/646/529
f 569/646/530 854/645/530 855/647/530 573/648/530
f 573/648/531 855/647/531 856/649/531 577/650/531
f 577/650/532 856/649/532 863/651/532 581/652/532
f 581/652/533 863/651/533 859/653/533 585/654/533
f 585/654/534 859/653/534 858/655/534 589/656/534
f 589/656/535 858/655/535 862/657/535 593/658/535
f 593/658/536 862/657/536 861/659/536 597/660/536
f 597/660/537 861/659/537 860/661/537 601/662/537
f 601/662/538 860/661/538 857/663/538 605/664/538
f 605/664/539 857/663/539 849/665/539 609/666/540
f 609/667/541 849/668/542 848/669/543 612/670/544
f 612/670/545 848/669/546 852/671/546 615/672/546
f 615/672/547 852/671/547 851/673/547 619/674/547
f 619/674/548 851/673/548 850/642/548 564/641/548
f 637/675/549 622/676/549 561/677/549 638/678/549 704/679/549
f 622/676/550 621/680/550 562/681/550 561/677/550
f 652/682/551 620/683/551 563/684/551 639/685/551
f 620/683/552 619/674/552 564/641/552 563/684/552
f 636/686/553 618/687/553 622/676/553 637/675/553 703/688/553
f 618/687/554 617/689/555 621/680/554 622/676/554
f 651/690/556 616/691/557 620/683/558 652/682/558
f 616/691/559 615/672/560 619/674/560 620/683/560
f 635/692/561 614/693/562 618/687/561 636/686/561 702/694/561
f 650/695/563 606/696/564 610/697/565 655/698/566
f 613/699/567 612/670/568 615/672/569 616/691/570
f 634/700/571 611/701/572 614/693/573 635/692/571 701/702/571
f 607/703/574 650/695/575 655/698/576 653/704/577
f 656/705/578 613/699/579 616/691/580 651/690/581
f 610/706/582 609/667/583 612/670/584 613/699/585
f 633/707/586 608/708/587 611/709/588 634/710/586 700/711/586
f 611/701/589 653/712/590 654/713/591 614/693/592
f 606/696/593 605/664/594 609/666/595 610/697/596
f 632/714/597 604/715/597 608/708/598 633/707/597 699/716/597
f 604/715/599 603/717/599 607/703/600 608/708/601
f 649/718/602 602/719/602 606/696/603 650/695/604
f 602/719/605 601/662/605 605/664/605 606/696/606
f 631/720/607 600/721/607 604/715/607 632/714/607 698/722/607
f 600/721/608 599/723/608 603/717/608 604/715/608
f 648/724/609 598/725/609 602/719/609 649/718/609
f 598/725/610 597/660/610 601/662/610 602/719/610
f 630/726/611 596/727/611 600/721/611 631/720/611 697/728/611
f 596/727/612 595/729/612 599/723/612 600/721/612
f 647/730/613 594/731/613 598/725/613 648/724/613
f 594/731/614 593/658/614 597/660/614 598/725/614
f 629/732/615 592/733/615 596/727/615 630/726/615 696/734/615
f 592/733/616 591/735/616 595/729/616 596/727/616
f 646/736/617 590/737/618 594/731/618 647/730/619
f 590/737/620 589/656/620 593/658/620 594/731/620
f 628/738/621 588/739/621 592/733/621 629/732/621 695/740/621
f 588/739/622 587/741/622 591/735/622 592/733/622
f 645/742/623 586/743/624 590/737/624 646/736/625
f 586/743/626 585/654/626 589/656/626 590/737/626
f 627/744/627 584/745/627 588/739/627 628/738/627 694/746/627
f 584/745/628 583/747/628 587/741/628 588/739/628
f 644/748/629 582/749/629 586/743/629 645/742/630
f 582/749/631 912/750/631 911/751/631 913/752/631 914/753/631 915/754/631 916/755/631 930/756/631 931/757/631 932/758/631 933/759/631 929/760/631 581/652/631 585/654/631 586/743/631
f 626/761/632 580/762/632 584/745/632 627/744/632 693/763/632
f 580/762/633 579/764/633 583/747/633 584/745/633
f 643/765/634 578/766/634 582/749/634 644/748/634
f 578/766/635 907/767/635 906/768/635 909/769/635 908/770/635 910/771/635 912/750/635 582/749/635
f 625/772/636 576/773/636 580/762/636 626/761/636 692/774/636
f 576/773/637 575/775/637 579/764/637 580/762/637
f 642/776/638 574/777/638 578/766/638 643/765/638
f 574/777/639 900/778/639 896/779/639 902/780/639 903/781/639 905/782/639 904/783/639 907/767/639 578/766/639
f 624/784/640 572/785/640 576/773/640 625/772/640 691/786/640
f 572/785/641 571/787/641 575/775/641 576/773/641
f 641/788/642 570/789/642 574/777/642 642/776/642
f 570/789/643 569/646/643 573/648/643 898/790/643 897/791/643 900/778/643 574/777/643
f 623/792/644 568/793/644 572/785/644 624/784/644 690/794/644
f 568/793/645 567/795/645 571/787/645 572/785/645
f 640/796/646 566/797/646 570/789/646 641/788/646
f 566/797/647 565/644/647 569/646/647 570/789/647
f 638/678/648 561/677/648 568/793/648 623/792/648 689/798/648
f 561/677/649 562/681/649 567/795/649 568/793/649
f 639/685/650 563/684/650 566/797/650 640/796/650
f 563/684/651 564/641/651 565/644/651 566/797/651
f 720/799/652 689/798/652 623/792/652 658/800/652
f 719/801/653 690/794/653 624/784/653 660/802/653
f 718/803/654 691/786/654 625/772/654 662/804/654
f 717/805/655 692/774/655 626/761/655 664/806/656
f 716/807/657 693/763/657 627/744/657 666/808/658
f 715/809/659 694/746/659 628/738/659 668/810/659
f 714/811/660 695/740/660 629/732/660 670/812/660
f 713/813/661 696/734/661 630/726/661 672/814/661
f 712/815/662 697/728/662 631/720/662 674/816/662
f 711/817/663 698/722/663 632/714/663 676/818/663
f 710/819/664 699/716/664 633/707/664 678/820/664
f 709/821/665 700/711/665 634/710/665 680/822/665
f 708/823/666 701/702/666 635/692/666 682/824/666
f 707/825/667 702/694/667 636/686/667 684/826/667
f 706/827/668 703/688/668 637/675/668 686/828/668
f 705/829/669 704/679/669 638/678/669 688/830/669
f 562/681/670 639/685/670 640/796/670 567/795/670
f 567/795/671 640/796/671 641/788/671 571/787/671
f 571/787/672 641/788/672 642/776/672 575/775/672
f 575/775/673 642/776/673 643/765/673 579/764/673
f 579/764/674 643/765/674 644/748/674 583/747/674
f 583/747/675 644/748/675 645/742/676 587/741/675
f 587/741/677 645/742/678 646/736/679 591/735/677
f 591/735/680 646/736/681 647/730/682 595/729/680
f 595/729/683 647/730/684 648/724/683 599/723/683
f 599/723/685 648/724/685 649/718/685 603/717/685
f 603/717/686 649/718/686 650/695/687 607/703/688
f 614/693/689 654/713/690 617/689/691 618/687/692
f 617/689/693 651/690/694 652/682/695 621/680/695
f 621/680/696 652/682/696 639/685/696 562/681/696
f 655/831/697 610/706/698 613/699/699 656/705/700
f 654/713/701 656/705/702 651/690/703 617/689/704
f 608/708/705 607/703/706 653/704/707 611/709/708
f 653/712/709 655/831/710 656/705/711 654/713/712
f 687/832/713 705/829/713 688/830/713 545/833/713
f 560/834/714 686/828/714 705/829/714 687/832/714
f 686/828/715 637/675/715 704/679/715 705/829/715
f 685/835/716 706/827/716 686/828/716 560/834/716
f 559/836/717 684/826/717 706/827/717 685/835/717
f 684/826/718 636/686/718 703/688/718 706/827/718
f 683/837/719 707/825/719 684/826/719 559/836/719
f 558/838/720 682/824/720 707/825/720 683/837/720
f 682/824/721 635/692/721 702/694/721 707/825/721
f 681/839/722 708/823/722 682/824/722 558/838/722
f 557/840/723 680/841/723 708/823/723 681/839/723
f 680/841/724 634/700/724 701/702/724 708/823/724
f 679/842/725 709/821/725 680/822/725 557/843/725
f 556/844/726 678/820/726 709/821/726 679/842/726
f 678/820/727 633/707/727 700/711/727 709/821/727
f 677/845/728 710/819/728 678/820/728 556/844/728
f 555/846/729 676/818/729 710/819/729 677/845/729
f 676/818/730 632/714/730 699/716/730 710/819/730
f 675/847/731 711/817/731 676/818/731 555/846/731
f 554/848/732 674/816/732 711/817/732 675/847/732
f 674/816/733 631/720/733 698/722/733 711/817/733
f 673/849/734 712/815/734 674/816/734 554/848/734
f 553/850/735 672/814/735 712/815/735 673/849/735
f 672/814/736 630/726/736 697/728/736 712/815/736
f 671/851/737 713/813/737 672/814/737 553/850/737
f 552/852/738 670/812/738 713/813/738 671/851/738
f 670/812/739 629/732/739 696/734/739 713/813/739
f 669/853/740 714/811/740 670/812/740 552/852/740
f 551/854/741 668/810/741 714/811/741 669/853/741
f 668/810/742 628/738/742 695/740/742 714/811/742
f 667/855/743 715/809/743 668/810/743 551/854/743
f 550/856/744 666/808/745 715/809/744 667/855/744
f 666/808/746 627/744/747 694/746/747 715/809/747
f 665/857/748 716/807/748 666/808/749 550/856/748
f 549/858/750 664/806/751 716/807/750 665/857/750
f 664/806/752 626/761/753 693/763/753 716/807/753
f 663/859/754 717/805/754 664/806/755 549/858/754
f 548/860/756 662/804/756 717/805/756 663/859/756
f 662/804/757 625/772/757 692/774/757 717/805/757
f 661/861/758 718/803/758 662/804/758 548/860/758
f 547/862/759 660/802/759 718/803/759 661/861/759
f 660/802/760 624/784/760 691/786/760 718/803/760
f 659/863/761 719/801/761 660/802/761 547/862/761
f 546/864/762 658/800/762 719/801/762 659/863/762
f 658/800/763 623/792/763 690/794/763 719/801/763
f 657/865/764 720/799/764 658/800/764 546/864/764
f 545/833/765 688/830/765 720/799/765 657/865/765
f 688/830/766 638/678/766 689/798/766 720/799/766
f 721/866/767 722/867/767 723/868/767 724/869/767 725/870/767 726/871/767 727/872/767 728/873/767 729/874/767 730/875/767 731/876/767 732/877/767 733/878/767 734/879/767 735/880/767 736/881/767 737/882/767 738/883/767 739/884/767 740/885/767 741/886/767 742/887/767 743/888/767 744/889/767 745/890/767 746/891/767
f 657/865/768 806/892/768 748/893/768 545/833/768
f 546/864/768 805/894/768 806/892/768 657/865/768
f 659/863/768 807/895/768 805/894/768 546/864/768
f 547/862/768 751/896/768 807/895/768 659/863/768
f 661/861/768 809/897/768 751/896/768 547/862/768
f 548/860/768 808/898/768 809/897/768 661/861/768
f 663/859/768 810/899/768 808/898/768 548/860/768
f 549/858/768 755/900/768 810/899/768 663/859/768
f 665/857/768 756/901/768 755/900/768 549/858/768
f 550/856/768 757/902/768 756/901/768 665/857/768
f 667/855/768 758/903/768 757/902/768 550/856/768
f 551/854/768 812/904/768 758/903/768 667/855/768
f 669/853/768 811/905/768 812/904/768 551/854/768
f 552/852/768 813/906/768 811/905/768 669/853/768
f 671/851/768 762/907/768 813/906/768 552/852/768
f 553/850/768 763/908/768 762/907/768 671/851/768
f 673/849/768 815/909/768 763/908/768 553/850/768
f 554/848/768 814/910/768 815/909/768 673/849/768
f 675/847/768 816/911/768 814/910/768 554/848/768
f 555/846/768 767/912/768 816/911/768 675/847/768
f 677/845/768 818/913/768 767/912/768 555/846/768
f 556/844/768 817/914/768 818/913/768 677/845/768
f 679/842/768 819/915/768 817/914/768 556/844/768
f 557/843/768 771/916/768 819/915/768 679/842/768
f 681/839/768 821/917/768 771/918/768 557/840/768
f 558/838/768 820/919/768 821/917/768 681/839/768
f 683/837/768 822/920/768 820/919/768 558/838/768
f 559/836/768 775/921/768 822/920/768 683/837/768
f 685/835/768 824/922/768 775/921/768 559/836/768
f 560/834/768 823/923/768 824/922/768 685/835/768
f 687/832/768 825/924/768 823/923/768 560/834/768
f 545/833/768 748/893/768 825/924/768 687/832/768
f 838/925/769 780/926/769 748/893/769 806/892/769
f 794/927/770 793/928/771 842/929/772
f 798/930/773 772/931/773 843/932/773
f 781/933/774 838/934/774 807/895/774 751/896/774
f 839/935/775 781/933/775 751/896/775 809/897/775
f 753/936/776 754/937/776 845/938/776
f 793/939/777 792/940/777 842/929/778
f 783/941/779 839/942/779 810/899/779 755/900/779
f 784/943/780 783/941/780 755/900/780 756/901/780
f 785/944/781 784/943/781 756/901/781 757/902/781
f 786/945/782 785/944/782 757/902/782 758/903/782
f 827/946/783 786/945/783 758/903/783 812/904/783
f 796/947/784 768/948/784 846/949/784
f 752/950/785 753/936/785 845/938/785
f 790/951/786 828/952/786 813/906/786 762/907/786
f 791/953/787 790/951/787 762/907/787 763/908/787
f 830/954/788 791/953/788 763/908/788 815/909/788
f 789/955/789 788/956/789 841/957/789
f 766/958/790 794/927/791 842/929/792
f 795/959/793 831/960/793 816/911/793 767/912/793
f 840/961/794 795/959/794 767/912/794 818/913/794
f 749/962/795 750/963/795 847/964/795
f 788/965/796 787/966/796 841/957/796
f 797/967/797 840/968/797 819/915/797 771/916/797
f 833/969/798 797/970/798 771/918/798 821/917/798
f 792/940/799 764/971/799 842/929/800
f 747/972/801 749/962/801 847/964/801
f 801/973/802 834/974/802 822/920/802 775/921/802
f 836/975/803 801/973/803 775/921/803 824/922/803
f 777/976/804 778/977/804 844/978/804
f 761/979/805 789/955/805 841/957/805
f 780/926/806 837/980/806 825/924/806 748/893/806
f 722/981/807 721/982/807 780/926/807 838/925/807
f 723/983/808 722/984/808 838/934/808 781/933/808
f 724/985/809 723/983/809 781/933/809 839/935/809
f 725/870/810 724/986/810 839/942/810 783/941/810
f 726/871/811 725/870/811 783/941/811 784/943/811
f 727/872/812 726/871/812 784/943/812 785/944/812
f 728/987/813 727/872/813 785/944/813 786/945/813
f 729/988/814 728/987/814 786/945/814 827/946/814
f 730/989/815 729/988/815 827/946/815 826/990/815
f 731/991/816 730/992/816 826/993/816 828/952/816
f 732/994/817 731/991/817 828/952/817 790/951/817
f 733/995/818 732/994/818 790/951/818 791/953/818
f 734/996/819 733/995/819 791/953/819 830/954/819
f 735/997/820 734/996/820 830/954/820 829/998/820
f 736/999/821 735/1000/821 829/1001/821 831/960/821
f 737/1002/822 736/999/822 831/960/822 795/959/822
f 738/1003/823 737/1002/823 795/959/823 840/961/823
f 739/1004/824 738/1005/824 840/968/824 797/967/824
f 740/1006/825 739/1007/825 797/970/825 833/969/825
f 741/1008/826 740/1006/826 833/969/826 832/1009/826
f 742/1010/827 741/1011/827 832/1012/827 834/974/827
f 743/1013/828 742/1010/828 834/974/828 801/973/828
f 744/1014/829 743/1013/829 801/973/829 836/975/829
f 745/1015/830 744/1014/830 836/975/830 835/1016/830
f 746/1017/831 745/1018/831 835/1019/831 837/980/831
f 721/982/832 746/1017/832 837/980/832 780/926/832
f 749/962/833 747/972/833 806/892/833 805/894/833
f 750/963/834 749/962/834 805/894/834 807/895/834
f 753/936/835 752/950/835 809/897/835 808/898/835
f 754/937/836 753/936/836 808/898/836 810/899/836
f 760/1020/837 759/1021/837 812/904/837 811/905/837
f 761/979/838 760/1020/838 811/905/838 813/906/838
f 765/1022/839 764/971/839 815/909/839 814/910/839
f 766/958/840 765/1022/840 814/910/840 816/911/840
f 769/1023/841 768/948/841 818/913/841 817/914/841
f 770/1024/842 769/1023/842 817/914/842 819/915/842
f 773/1025/843 772/931/843 821/917/843 820/919/843
f 774/1026/844 773/1025/844 820/919/844 822/920/844
f 777/976/845 776/1027/845 824/922/845 823/923/845
f 778/977/846 777/976/846 823/923/846 825/924/846
f 787/966/847 788/965/847 826/990/847 827/946/847
f 788/956/848 789/955/848 828/952/848 826/993/848
f 792/940/849 793/939/849 829/998/849 830/954/849
f 793/928/850 794/927/851 831/960/850 829/1001/850
f 798/930/852 799/1028/852 832/1009/852 833/969/852
f 799/1029/853 800/1030/853 834/974/853 832/1012/853
f 802/1031/854 803/1032/854 835/1016/854 836/975/854
f 803/1033/855 804/1034/855 837/980/855 835/1019/855
f 747/972/856 779/1035/856 838/925/856 806/892/856
f 782/1036/857 754/937/857 810/899/857 839/942/857
f 752/950/858 782/1037/858 839/935/858 809/897/858
f 759/1021/859 787/966/859 827/946/859 812/904/859
f 789/955/860 761/979/860 813/906/860 828/952/860
f 764/971/861 792/940/861 830/954/861 815/909/861
f 794/927/862 766/958/863 816/911/863 831/960/863
f 768/948/864 796/947/864 840/961/864 818/913/864
f 772/931/865 798/930/865 833/969/865 821/917/865
f 800/1030/866 774/1026/866 822/920/866 834/974/866
f 776/1027/867 802/1031/867 836/975/867 824/922/867
f 804/1034/868 778/977/868 825/924/868 837/980/868
f 796/1038/869 770/1024/869 819/915/869 840/968/869
f 779/1039/870 750/963/870 807/895/870 838/934/870
f 759/1021/871 760/1020/871 841/957/871
f 774/1026/872 800/1030/872 843/932/872
f 799/1028/873 798/930/873 843/932/873
f 760/1020/874 761/979/874 841/957/874
f 802/1031/875 776/1027/875 844/978/875
f 800/1030/876 799/1029/876 843/932/876
f 764/971/877 765/1022/877 842/929/878
f 778/977/879 804/1034/879 844/978/879
f 803/1032/880 802/1031/880 844/978/880
f 765/1022/881 766/958/881 842/929/882
f 770/1024/883 796/1038/883 846/949/883
f 804/1034/884 803/1033/884 844/978/884
f 768/948/885 769/1023/885 846/949/885
f 750/963/886 779/1039/886 847/964/886
f 779/1035/887 747/972/887 847/964/887
f 769/1023/888 770/1024/888 846/949/888
f 754/937/889 782/1036/889 845/938/889
f 772/931/890 773/1025/890 843/932/890
f 782/1037/891 752/950/891 845/938/891
f 773/1025/892 774/1026/892 843/932/892
f 787/966/893 759/1021/893 841/957/893
f 776/1027/894 777/976/894 844/978/894
f 509/613/298 513/616/298 849/1040/895 857/1041/298 505/610/298
f 233/286/298 869/521/298 870/519/298 230/282/298
f 913/1042/896 911/1043/896 118/161/896 154/162/896
f 904/1044/897 905/1045/897 115/155/897 157/156/897
f 914/1046/898 913/1042/898 154/162/898 119/163/898
f 930/1047/899 916/1048/899 120/165/899 152/166/899
f 933/1049/900 932/1050/900 151/168/900 122/169/900
f 931/1051/901 930/1047/901 152/166/901 121/167/901
f 925/1052/902 926/1053/902 149/172/902 124/173/902
f 918/1054/903 920/1055/903 126/177/903 146/178/903
f 929/760/904 928/1056/904 927/1057/904 926/1058/904 925/1059/904 923/1060/904 924/1061/904 577/650/904 581/652/904
f 922/1062/905 921/1063/905 125/175/905 147/176/905
f 908/1064/906 909/1065/907 156/158/907 117/159/908
f 910/1066/909 908/1064/909 117/159/910 155/160/909
f 920/1055/911 922/1062/911 147/176/911 126/177/911
f 906/1067/912 907/1068/913 904/1044/913 157/156/913 116/157/914
f 899/1069/915 901/1070/915 128/181/915 160/150/915
f 896/1071/916 900/1072/916 897/1073/916 113/151/916 159/152/916
f 909/1065/917 906/1074/917 116/182/918 156/158/917
f 903/1075/919 902/1076/919 114/153/919 158/154/919
f 924/1061/920 921/1077/920 922/1078/920 920/1079/920 918/1080/920 919/1081/920 917/1082/920 901/1083/920 899/1084/920 898/790/920 573/648/920 577/650/920
f 911/1043/921 912/1085/921 910/1066/921 155/160/921 118/161/921
f 916/1048/922 915/1086/922 153/164/922 120/165/922
f 927/1087/923 928/1088/923 150/170/923 123/171/923
f 923/1089/924 925/1052/924 124/173/924 148/174/924
f 928/1088/925 929/1090/925 933/1049/925 122/169/925 150/170/925
f 897/1073/926 898/1091/926 899/1069/926 160/150/926 113/151/926
f 926/1053/927 927/1087/927 123/171/927 149/172/927
f 905/1045/928 903/1075/928 158/154/928 115/155/928
f 921/1063/929 924/1092/929 923/1089/929 148/174/929 125/175/929
f 919/1093/930 918/1054/930 146/178/930 127/179/930
f 932/1050/931 931/1051/931 121/167/931 151/168/931
f 902/1076/932 896/1071/932 159/152/932 114/153/932
f 901/1070/933 917/1094/933 145/180/933 128/181/933
f 917/1094/934 919/1093/934 127/179/934 145/180/934
f 915/1086/935 914/1046/935 119/163/935 153/164/935
f 501/607/298 505/610/298 857/1041/298 860/1095/298 497/604/298
f 493/601/298 497/604/298 860/1095/298 861/1096/298 489/598/298
f 485/595/298 489/598/298 861/1096/298 862/1097/298 481/592/298
f 465/580/298 469/583/298 858/1098/298 859/1099/298 461/577/298
f 469/583/298 473/586/298 477/589/298 481/592/298 862/1097/298 858/1098/298
f 449/567/298 453/571/298 863/1100/298 856/1101/298 445/568/298
f 457/574/298 461/577/298 859/1099/298 863/1100/298 453/571/298
f 441/559/298 445/562/298 856/1102/298 855/1103/298 437/556/298
f 517/621/298 521/625/298 848/1104/298 849/1105/936 513/622/298
f 525/628/298 529/631/298 852/1106/298 848/1104/298 521/625/298
f 433/553/298 437/556/298 855/1103/298 854/1107/298 429/550/298
f 533/634/298 537/637/298 851/1108/298 852/1106/298 529/631/298
f 425/547/298 429/550/298 854/1107/298 853/1109/298 421/543/298
f 421/543/298 853/1109/298 850/1110/298 851/1108/298 537/637/298 541/640/298 417/544/298
f 179/210/298 182/214/298 874/320/298 875/484/298
f 179/210/298 875/484/298 868/482/298 176/206/298
f 176/206/298 868/482/298 867/480/298 173/202/298
f 173/202/298 867/480/298 866/478/298 170/198/298
f 170/198/298 866/478/298 865/477/298 167/194/298
f 167/194/298 865/477/298 864/537/298 164/189/298
f 164/189/298 864/537/298 871/474/298 161/190/298
f 161/190/298 871/474/298 873/473/298 254/318/298
f 254/318/298 873/473/298 872/535/298 251/314/298
f 251/314/298 872/535/298 877/533/298 248/310/298
f 248/310/298 877/533/298 880/531/298 245/306/298
f 245/306/298 880/531/298 879/529/298 242/302/298
f 242/302/298 879/529/298 878/527/298 239/298/298
f 239/298/298 878/527/298 876/525/298 236/293/298
f 236/293/298 876/525/298 869/524/298 233/294/298
f 227/278/298 230/282/298 870/519/298 889/517/298
f 224/274/298 227/278/298 889/517/298 892/515/298
f 224/274/298 892/515/298 891/513/298 221/270/298
f 221/270/298 891/513/298 893/511/298 218/266/298
f 218/266/298 893/511/298 895/509/298 215/262/298
f 215/262/298 895/509/298 894/507/298 212/258/298
f 212/258/298 894/507/298 886/505/298 209/254/298
f 209/254/298 886/505/298 887/503/298 206/250/298
f 206/250/298 887/503/298 888/501/298 203/246/298
f 203/246/298 888/501/298 885/499/298 200/242/298
f 200/242/298 885/499/298 884/497/298 197/238/298
f 197/238/298 884/497/298 882/495/298 194/234/298
f 194/234/298 882/495/298 881/493/298 191/230/298
f 191/230/298 881/493/298 883/491/298 188/225/298
f 188/225/298 883/491/298 890/489/298 185/226/298
